{
  "parent": "eidolon:pewter_ingot",
  "criteria": {
    "has_brazier": {
      "conditions": {
        "items": [
          {
            "items": [
              "eidolon:brazier"
            ]
          }
        ]
      },
      "trigger": "minecraft:inventory_changed"
    }
  },
  "display": {
    "announce_to_chat": true,
    "description": {
      "translate": "eidolon.advancement.desc.brazier"
    },
    "frame": "task",
    "hidden": false,
    "icon": {
      "item": "eidolon:brazier"
    },
    "show_toast": true,
    "title": {
      "translate": "eidolon.advancement.title.brazier"
    }
  },
  "requirements": [
    [
      "has_brazier"
    ]
  ],
  "sends_telemetry_event": false
}