{
  "parent": "eidolon:zombify",
  "criteria": {
    "enthrall_undead": {
      "conditions": {},
      "trigger": "eidolon:enthrall_undead"
    }
  },
  "display": {
    "announce_to_chat": true,
    "description": {
      "translate": "eidolon.advancement.desc.enthrall_undead"
    },
    "frame": "task",
    "hidden": false,
    "icon": {
      "item": "eidolon:summoning_staff"
    },
    "show_toast": true,
    "title": {
      "translate": "eidolon.advancement.title.enthrall_undead"
    }
  },
  "requirements": [
    [
      "enthrall_undead"
    ]
  ],
  "sends_telemetry_event": false
}