{
  "cast_soulfire": {
    "category": "neutral",
    "subtitle": "eidolon.subtitle.cast_soulfire",
    "sounds": [ "eidolon:cast_soulfire" ]
  },
  "cast_bonechill": {
    "category": "neutral",
    "subtitle": "eidolon.subtitle.cast_bonechill",
    "sounds": [ "eidolon:cast_bonechill" ]
  },
  "splash_soulfire": {
    "category": "neutral",
    "subtitle": "eidolon.subtitle.splash_soulfire",
    "sounds": [ "eidolon:splash_soulfire" ]
  },
  "splash_bonechill": {
    "category": "neutral",
    "subtitle": "eidolon.subtitle.splash_bonechill",
    "sounds": [ "eidolon:splash_bonechill" ]
  },
  "select_rune": {
    "category": "neutral",
    "sounds": [ "eidolon:select_rune" ]
  },
  "chant_word": {
    "category": "neutral",
    "subtitle": "eidolon.subtitle.chant_word",
    "sounds": [
      "eidolon:chant_word"
    ]
  },
  "parousia": {
    "category": "record",
    "stream": true,
    "sounds": [
      "eidolon:parousia"
    ]
  },
  "wraith_ambient": {
    "sounds": [
      "eidolon:wraith/idle1",
      "eidolon:wraith/idle2",
      "eidolon:wraith/idle3",
      "eidolon:wraith/idle4",
      "eidolon:wraith/idle5",
      "eidolon:wraith/idle6"
    ],
    "subtitle": "eidolon.subtitle.wraith.ambient"
  },
  "wraith_death": {
    "sounds": [
      "eidolon:wraith/death1",
      "eidolon:wraith/death2"
    ],
    "subtitle": "eidolon.subtitle.wraith.death"
  },
  "wraith_hurt": {
    "sounds": [
      "eidolon:wraith/hurt1",
      "eidolon:wraith/hurt2",
      "eidolon:wraith/hurt3"
    ],
    "subtitle": "eidolon.subtitle.wraith.hurt"
  }
}