{
	"credit": "Made with Blockbench",
	"textures": {
		"0": "eidolon:block/cabinet_bottom_front",
		"1": "eidolon:block/cabinet_bottom_side",
		"2": "eidolon:block/cabinet_top",
		"3": "eidolon:block/cabinet_top_front",
		"4": "eidolon:block/cabinet_top_side",
		"5": "eidolon:block/cabinet_bottom",
		"particle": "eidolon:block/cabinet_bottom_front"
	},
	"elements": [
		{
			"from": [2, 0, 2],
			"to": [4, 2, 4],
			"faces": {
				"north": {"uv": [2, 14, 4, 16], "texture": "#0"},
				"east": {"uv": [2, 14, 4, 16], "texture": "#0"},
				"south": {"uv": [2, 14, 4, 16], "texture": "#0"},
				"west": {"uv": [2, 14, 4, 16], "texture": "#0"},
				"down": {"uv": [2, 12, 4, 14], "texture": "#5"}
			}
		},
		{
			"from": [12, 0, 2],
			"to": [14, 2, 4],
			"faces": {
				"north": {"uv": [2, 14, 4, 16], "texture": "#0"},
				"east": {"uv": [2, 14, 4, 16], "texture": "#0"},
				"south": {"uv": [2, 14, 4, 16], "texture": "#0"},
				"west": {"uv": [2, 14, 4, 16], "texture": "#0"},
				"down": {"uv": [2, 12, 4, 14], "texture": "#5"}
			}
		},
		{
			"from": [2, 0, 12],
			"to": [4, 2, 14],
			"faces": {
				"north": {"uv": [2, 14, 4, 16], "texture": "#0"},
				"east": {"uv": [2, 14, 4, 16], "texture": "#0"},
				"south": {"uv": [2, 14, 4, 16], "texture": "#0"},
				"west": {"uv": [2, 14, 4, 16], "texture": "#0"},
				"down": {"uv": [2, 12, 4, 14], "texture": "#5"}
			}
		},
		{
			"from": [12, 0, 12],
			"to": [14, 2, 14],
			"faces": {
				"north": {"uv": [2, 14, 4, 16], "texture": "#0"},
				"east": {"uv": [2, 14, 4, 16], "texture": "#0"},
				"south": {"uv": [2, 14, 4, 16], "texture": "#0"},
				"west": {"uv": [2, 14, 4, 16], "texture": "#0"},
				"down": {"uv": [2, 12, 4, 14], "texture": "#5"}
			}
		},
		{
			"from": [0, 2, 0],
			"to": [16, 6, 16],
			"faces": {
				"north": {"uv": [0, 10, 16, 14], "texture": "#0"},
				"east": {"uv": [0, 10, 16, 14], "texture": "#1"},
				"south": {"uv": [0, 10, 16, 14], "texture": "#1"},
				"west": {"uv": [0, 10, 16, 14], "texture": "#1"},
				"up": {"uv": [0, 0, 16, 16], "texture": "#5"},
				"down": {"uv": [0, 0, 16, 16], "texture": "#5"}
			}
		},
		{
			"from": [0, 28, 0],
			"to": [16, 32, 16],
			"faces": {
				"north": {"uv": [0, 0, 16, 4], "texture": "#3"},
				"east": {"uv": [0, 0, 16, 4], "texture": "#4"},
				"south": {"uv": [0, 0, 16, 4], "texture": "#4"},
				"west": {"uv": [0, 0, 16, 4], "texture": "#4"},
				"up": {"uv": [0, 0, 16, 16], "texture": "#2"},
				"down": {"uv": [0, 0, 16, 16], "texture": "#5"}
			}
		},
		{
			"from": [0, 6, 0],
			"to": [3, 16, 16],
			"faces": {
				"north": {"uv": [13, 0, 16, 10], "texture": "#0"},
				"east": {"uv": [0, 0, 16, 10], "texture": "#0"},
				"south": {"uv": [0, 0, 3, 10], "texture": "#1"},
				"west": {"uv": [0, 0, 16, 10], "texture": "#1"},
				"up": {"uv": [0, 10, 16, 13], "rotation": 270, "texture": "#1"}
			}
		},
		{
			"from": [13, 6, 0],
			"to": [16, 16, 16],
			"rotation": {"angle": 0, "axis": "y", "origin": [16, 0, 0]},
			"faces": {
				"north": {"uv": [16, 0, 13, 10], "texture": "#0"},
				"east": {"uv": [16, 0, 0, 10], "texture": "#1"},
				"south": {"uv": [3, 0, 0, 10], "texture": "#1"},
				"west": {"uv": [16, 0, 0, 10], "texture": "#0"},
				"up": {"uv": [0, 13, 16, 10], "rotation": 270, "texture": "#1"}
			}
		},
		{
			"from": [3, 6, 13],
			"to": [13, 16, 16],
			"rotation": {"angle": 0, "axis": "y", "origin": [16, 0, 0]},
			"faces": {
				"north": {"uv": [13, 0, 3, 10], "texture": "#0"},
				"south": {"uv": [13, 0, 3, 10], "texture": "#1"},
				"up": {"uv": [3, 13, 13, 10], "texture": "#1"}
			}
		},
		{
			"from": [3, 16, 13],
			"to": [13, 28, 16],
			"rotation": {"angle": 0, "axis": "y", "origin": [16, 0, 0]},
			"faces": {
				"north": {"uv": [13, 4, 3, 16], "texture": "#3"},
				"south": {"uv": [13, 4, 3, 16], "texture": "#4"},
				"down": {"uv": [3, 13, 13, 10], "texture": "#1"}
			}
		},
		{
			"from": [0, 16, 0],
			"to": [3, 28, 16],
			"faces": {
				"north": {"uv": [13, 4, 16, 16], "texture": "#3"},
				"east": {"uv": [0, 4, 16, 16], "texture": "#3"},
				"south": {"uv": [0, 4, 3, 16], "texture": "#4"},
				"west": {"uv": [0, 4, 16, 16], "texture": "#4"},
				"down": {"uv": [0, 10, 16, 13], "rotation": 270, "texture": "#1"}
			}
		},
		{
			"from": [13, 16, 0],
			"to": [16, 28, 16],
			"rotation": {"angle": 0, "axis": "y", "origin": [16, 0, 0]},
			"faces": {
				"north": {"uv": [16, 4, 13, 16], "texture": "#3"},
				"east": {"uv": [16, 4, 0, 16], "texture": "#4"},
				"south": {"uv": [3, 4, 0, 16], "texture": "#4"},
				"west": {"uv": [16, 4, 0, 16], "texture": "#3"},
				"down": {"uv": [0, 13, 16, 10], "rotation": 270, "texture": "#1"}
			}
		}
	]
}