{
	"credit": "Made with Blockbench",
	"parent": "block/block",
	"textures": {
		"1": "eidolon:block/cistern_ends",
		"3": "eidolon:block/cistern_side",
		"4": "eidolon:block/cistern_top",
		"particle": "eidolon:block/cistern_bottom"
	},
	"elements": [
		{
			"from": [4, 0, 4],
			"to": [12, 2, 12],
			"rotation": {"angle": 0, "axis": "y", "origin": [12, 8, 12]},
			"faces": {
				"north": {"uv": [0, 10, 8, 12], "texture": "#1"},
				"east": {"uv": [0, 10, 8, 12], "texture": "#1"},
				"south": {"uv": [0, 10, 8, 12], "texture": "#1"},
				"west": {"uv": [0, 10, 8, 12], "texture": "#1"},
				"down": {"uv": [0, 0, 8, 8], "texture": "#1"}
			}
		},
		{
			"from": [4, 14, 4],
			"to": [12, 16, 12],
			"rotation": {"angle": 0, "axis": "y", "origin": [12, 22, 12]},
			"faces": {
				"north": {"uv": [0, 8, 8, 10], "texture": "#1"},
				"east": {"uv": [0, 8, 8, 10], "texture": "#1"},
				"south": {"uv": [0, 8, 8, 10], "texture": "#1"},
				"west": {"uv": [0, 8, 8, 10], "texture": "#1"},
				"up": {"uv": [0, 0, 8, 8], "texture": "#1"}
			}
		},
		{
			"from": [1, 2, 1],
			"to": [15, 14, 15],
			"rotation": {"angle": 0, "axis": "y", "origin": [9, 10, 9]},
			"faces": {
				"north": {"uv": [0, 0, 14, 12], "texture": "#3"},
				"east": {"uv": [0, 0, 14, 12], "texture": "#3"},
				"south": {"uv": [0, 0, 14, 12], "texture": "#3"},
				"west": {"uv": [0, 0, 14, 12], "texture": "#3"},
				"up": {"uv": [0, 0, 14, 14], "texture": "#4"},
				"down": {"uv": [0, 0, 14, 14], "texture": "#4"}
			}
		}
	]
}