{
	"credit": "Made with Blockbench",
	"parent": "block/block",
	"textures": {
		"0": "eidolon:block/crucible_top",
		"1": "eidolon:block/crucible_side",
		"2": "eidolon:block/crucible_bottom",
		"particle": "eidolon:block/crucible_top"
	},
	"elements": [
		{
			"from": [0, 2, 0],
			"to": [2, 14, 16],
			"rotation": {"angle": 0, "axis": "y", "origin": [8, 10, 8]},
			"faces": {
				"north": {"uv": [2, 0, 0, 12], "texture": "#1"},
				"east": {"uv": [0, 0, 16, 12], "texture": "#1"},
				"south": {"uv": [0, 0, 2, 12], "texture": "#1"},
				"west": {"uv": [0, 0, 16, 12], "texture": "#1"},
				"up": {"uv": [0, 0, 16, 2], "rotation": 270, "texture": "#1"},
				"down": {"uv": [0, 10, 16, 12], "rotation": 90, "texture": "#1"}
			}
		},
		{
			"from": [14, 2, 0],
			"to": [16, 14, 16],
			"rotation": {"angle": 0, "axis": "y", "origin": [8, 10, 8]},
			"faces": {
				"north": {"uv": [0, 0, 2, 12], "texture": "#1"},
				"east": {"uv": [16, 0, 0, 12], "texture": "#1"},
				"south": {"uv": [2, 0, 0, 12], "texture": "#1"},
				"west": {"uv": [16, 0, 0, 12], "texture": "#1"},
				"up": {"uv": [0, 3, 16, 1], "rotation": 270, "texture": "#1"},
				"down": {"uv": [0, 12, 16, 10], "rotation": 90, "texture": "#1"}
			}
		},
		{
			"from": [2, 2, 14],
			"to": [14, 14, 16],
			"rotation": {"angle": 0, "axis": "y", "origin": [8, 10, 8]},
			"faces": {
				"north": {"uv": [14, 0, 2, 12], "texture": "#1"},
				"east": {"uv": [2, 0, 0, 12], "texture": "#1"},
				"south": {"uv": [14, 0, 2, 12], "texture": "#1"},
				"west": {"uv": [2, 0, 0, 12], "texture": "#1"},
				"up": {"uv": [2, 3, 14, 1], "texture": "#1"},
				"down": {"uv": [2, 12, 14, 10], "texture": "#1"}
			}
		},
		{
			"from": [2, 2, 0],
			"to": [14, 14, 2],
			"rotation": {"angle": 0, "axis": "y", "origin": [8, 10, 8]},
			"faces": {
				"north": {"uv": [14, 0, 2, 12], "texture": "#1"},
				"east": {"uv": [2, 0, 0, 12], "texture": "#1"},
				"south": {"uv": [14, 0, 2, 12], "texture": "#1"},
				"west": {"uv": [2, 0, 0, 12], "texture": "#1"},
				"up": {"uv": [2, 3, 14, 1], "rotation": 180, "texture": "#1"},
				"down": {"uv": [2, 12, 14, 10], "rotation": 180, "texture": "#1"}
			}
		},
		{
			"from": [2, 1, 2],
			"to": [14, 3, 14],
			"rotation": {"angle": 0, "axis": "y", "origin": [10, 9, 10]},
			"faces": {
				"north": {"uv": [0, 0, 12, 2], "texture": "#2"},
				"east": {"uv": [0, 0, 12, 2], "texture": "#2"},
				"south": {"uv": [0, 0, 12, 2], "texture": "#2"},
				"west": {"uv": [0, 0, 12, 2], "texture": "#2"},
				"up": {"uv": [0, 2, 12, 14], "texture": "#2"},
				"down": {"uv": [0, 2, 12, 14], "texture": "#2"}
			}
		},
		{
			"from": [2, 13, 2],
			"to": [3, 15, 14],
			"rotation": {"angle": 0, "axis": "y", "origin": [10, 21, 10]},
			"faces": {
				"north": {"uv": [0, 0, 1, 2], "texture": "#0"},
				"east": {"uv": [1, 0, 13, 2], "rotation": 180, "texture": "#0"},
				"south": {"uv": [0, 0, 1, 2], "texture": "#0"},
				"west": {"uv": [1, 0, 13, 2], "rotation": 180, "texture": "#0"},
				"up": {"uv": [0, 2, 1, 14], "texture": "#0"},
				"down": {"uv": [0, 2, 1, 14], "texture": "#0"}
			}
		},
		{
			"from": [13, 13, 2],
			"to": [14, 15, 14],
			"rotation": {"angle": 0, "axis": "y", "origin": [6, 21, 10]},
			"faces": {
				"north": {"uv": [1, 0, 0, 2], "texture": "#0"},
				"east": {"uv": [13, 0, 1, 2], "rotation": 180, "texture": "#0"},
				"south": {"uv": [1, 0, 0, 2], "texture": "#0"},
				"west": {"uv": [13, 0, 1, 2], "rotation": 180, "texture": "#0"},
				"up": {"uv": [1, 2, 0, 14], "texture": "#0"},
				"down": {"uv": [1, 2, 0, 14], "texture": "#0"}
			}
		},
		{
			"from": [3, 13, 13],
			"to": [13, 15, 14],
			"rotation": {"angle": 0, "axis": "y", "origin": [6, 21, 6]},
			"faces": {
				"north": {"uv": [12, 0, 2, 2], "rotation": 180, "texture": "#0"},
				"east": {"uv": [1, 0, 0, 2], "texture": "#0"},
				"south": {"uv": [12, 0, 2, 2], "rotation": 180, "texture": "#0"},
				"west": {"uv": [1, 0, 0, 2], "texture": "#0"},
				"up": {"uv": [1, 2, 0, 14], "rotation": 90, "texture": "#0"},
				"down": {"uv": [1, 2, 0, 14], "rotation": 270, "texture": "#0"}
			}
		},
		{
			"from": [3, 13, 2],
			"to": [13, 15, 3],
			"rotation": {"angle": 0, "axis": "y", "origin": [6, 21, 10]},
			"faces": {
				"north": {"uv": [2, 0, 12, 2], "rotation": 180, "texture": "#0"},
				"east": {"uv": [0, 0, 1, 2], "texture": "#0"},
				"south": {"uv": [2, 0, 12, 2], "rotation": 180, "texture": "#0"},
				"west": {"uv": [0, 0, 1, 2], "texture": "#0"},
				"up": {"uv": [0, 2, 1, 14], "rotation": 90, "texture": "#0"},
				"down": {"uv": [0, 2, 1, 14], "rotation": 270, "texture": "#0"}
			}
		},
		{
			"from": [1, 15, 1],
			"to": [3, 16, 15],
			"rotation": {"angle": 0, "axis": "y", "origin": [9, 23, 9]},
			"faces": {
				"north": {"uv": [0, 0, 2, 1], "texture": "#0"},
				"east": {"uv": [0, 0, 14, 1], "texture": "#0"},
				"south": {"uv": [0, 0, 2, 1], "texture": "#0"},
				"west": {"uv": [0, 0, 14, 1], "texture": "#0"},
				"up": {"uv": [0, 2, 2, 16], "texture": "#0"},
				"down": {"uv": [0, 2, 2, 16], "texture": "#0"}
			}
		},
		{
			"from": [3, 15, 1],
			"to": [13, 16, 3],
			"rotation": {"angle": 0, "axis": "y", "origin": [7, 23, 9]},
			"faces": {
				"north": {"uv": [2, 0, 12, 1], "texture": "#0"},
				"east": {"uv": [0, 0, 2, 1], "texture": "#0"},
				"south": {"uv": [2, 0, 12, 1], "texture": "#0"},
				"west": {"uv": [0, 0, 2, 1], "texture": "#0"},
				"up": {"uv": [2, 2, 12, 4], "texture": "#0"},
				"down": {"uv": [2, 14, 12, 16], "texture": "#0"}
			}
		},
		{
			"from": [13, 15, 1],
			"to": [15, 16, 15],
			"rotation": {"angle": 0, "axis": "y", "origin": [7, 23, 7]},
			"faces": {
				"north": {"uv": [0, 0, 2, 1], "texture": "#0"},
				"east": {"uv": [0, 0, 14, 1], "texture": "#0"},
				"south": {"uv": [0, 0, 2, 1], "texture": "#0"},
				"west": {"uv": [0, 0, 14, 1], "texture": "#0"},
				"up": {"uv": [12, 2, 14, 16], "texture": "#0"},
				"down": {"uv": [12, 2, 14, 16], "texture": "#0"}
			}
		},
		{
			"from": [3, 15, 13],
			"to": [13, 16, 15],
			"rotation": {"angle": 0, "axis": "y", "origin": [9, 23, 7]},
			"faces": {
				"north": {"uv": [2, 0, 12, 1], "texture": "#0"},
				"east": {"uv": [0, 0, 2, 1], "texture": "#0"},
				"south": {"uv": [2, 0, 12, 1], "texture": "#0"},
				"west": {"uv": [0, 0, 2, 1], "texture": "#0"},
				"up": {"uv": [2, 14, 12, 16], "texture": "#0"},
				"down": {"uv": [2, 14, 12, 16], "texture": "#0"}
			}
		},
		{
			"from": [1, 0, 7],
			"to": [3, 3, 9],
			"rotation": {"angle": -22.5, "axis": "z", "origin": [1, 0, 8]},
			"faces": {
				"north": {"uv": [0, 13, 2, 16], "texture": "#1"},
				"east": {"uv": [0, 13, 2, 16], "texture": "#1"},
				"south": {"uv": [0, 13, 2, 16], "texture": "#1"},
				"west": {"uv": [0, 13, 2, 16], "texture": "#1"},
				"up": {"uv": [2, 12, 4, 14], "texture": "#1"},
				"down": {"uv": [2, 14, 4, 16], "texture": "#1"}
			}
		},
		{
			"from": [7, 0, 1],
			"to": [9, 3, 3],
			"rotation": {"angle": 22.5, "axis": "x", "origin": [8, 0, 1]},
			"faces": {
				"north": {"uv": [0, 13, 2, 16], "texture": "#1"},
				"east": {"uv": [0, 13, 2, 16], "texture": "#1"},
				"south": {"uv": [0, 13, 2, 16], "texture": "#1"},
				"west": {"uv": [0, 13, 2, 16], "texture": "#1"},
				"up": {"uv": [2, 12, 4, 14], "rotation": 90, "texture": "#1"},
				"down": {"uv": [2, 14, 4, 16], "rotation": 270, "texture": "#1"}
			}
		},
		{
			"from": [7, 0, 13],
			"to": [9, 3, 15],
			"rotation": {"angle": -22.5, "axis": "x", "origin": [8, 0, 15]},
			"faces": {
				"north": {"uv": [0, 13, 2, 16], "texture": "#1"},
				"east": {"uv": [0, 13, 2, 16], "texture": "#1"},
				"south": {"uv": [0, 13, 2, 16], "texture": "#1"},
				"west": {"uv": [0, 13, 2, 16], "texture": "#1"},
				"up": {"uv": [4, 12, 2, 14], "rotation": 90, "texture": "#1"},
				"down": {"uv": [4, 14, 2, 16], "rotation": 270, "texture": "#1"}
			}
		},
		{
			"from": [13, 0, 7],
			"to": [15, 3, 9],
			"rotation": {"angle": 22.5, "axis": "z", "origin": [15, 0, 8]},
			"faces": {
				"north": {"uv": [0, 13, 2, 16], "texture": "#1"},
				"east": {"uv": [0, 13, 2, 16], "texture": "#1"},
				"south": {"uv": [0, 13, 2, 16], "texture": "#1"},
				"west": {"uv": [0, 13, 2, 16], "texture": "#1"},
				"up": {"uv": [2, 12, 4, 14], "rotation": 180, "texture": "#1"},
				"down": {"uv": [2, 14, 4, 16], "rotation": 180, "texture": "#1"}
			}
		}
	]
}