{
	"credit": "Made with Blockbench",
	"parent": "block/block",
	"textures": {
		"0": "eidolon:block/offertory_plate",
		"particle": "eidolon:block/offertory_plate"
	},
	"elements": [
		{
			"from": [5, 0, 5],
			"to": [11, 1, 11],
			"rotation": {"angle": 0, "axis": "y", "origin": [12, 8, 12]},
			"faces": {
				"north": {"uv": [2, 10, 8, 11], "texture": "#0"},
				"east": {"uv": [2, 10, 8, 11], "texture": "#0"},
				"south": {"uv": [2, 10, 8, 11], "texture": "#0"},
				"west": {"uv": [2, 10, 8, 11], "texture": "#0"},
				"up": {"uv": [2, 2, 8, 8], "texture": "#0"},
				"down": {"uv": [2, 2, 8, 8], "texture": "#0"}
			}
		},
		{
			"from": [3, 1, 3],
			"to": [13, 2, 5],
			"rotation": {"angle": 0, "axis": "y", "origin": [11, 9, 11]},
			"faces": {
				"north": {"uv": [0, 10, 10, 11], "texture": "#0"},
				"east": {"uv": [8, 10, 10, 11], "texture": "#0"},
				"south": {"uv": [0, 10, 10, 11], "texture": "#0"},
				"west": {"uv": [0, 10, 2, 11], "texture": "#0"},
				"up": {"uv": [0, 8, 10, 10], "rotation": 180, "texture": "#0"},
				"down": {"uv": [0, 8, 10, 10], "texture": "#0"}
			}
		},
		{
			"from": [3, 1, 11],
			"to": [13, 2, 13],
			"rotation": {"angle": 0, "axis": "y", "origin": [11, 9, 5]},
			"faces": {
				"north": {"uv": [10, 10, 0, 11], "texture": "#0"},
				"east": {"uv": [10, 10, 8, 11], "texture": "#0"},
				"south": {"uv": [10, 10, 0, 11], "texture": "#0"},
				"west": {"uv": [2, 10, 0, 11], "texture": "#0"},
				"up": {"uv": [0, 2, 10, 0], "texture": "#0"},
				"down": {"uv": [0, 2, 10, 0], "rotation": 180, "texture": "#0"}
			}
		},
		{
			"from": [11, 1, 5],
			"to": [13, 2, 11],
			"rotation": {"angle": 0, "axis": "y", "origin": [20, 9, 18]},
			"faces": {
				"north": {"uv": [8, 10, 10, 11], "texture": "#0"},
				"east": {"uv": [2, 10, 8, 11], "texture": "#0"},
				"south": {"uv": [0, 10, 2, 11], "texture": "#0"},
				"west": {"uv": [2, 10, 8, 11], "texture": "#0"},
				"up": {"uv": [0, 2, 2, 8], "rotation": 180, "texture": "#0"},
				"down": {"uv": [0, 2, 2, 8], "texture": "#0"}
			}
		},
		{
			"from": [3, 1, 5],
			"to": [5, 2, 11],
			"rotation": {"angle": 0, "axis": "y", "origin": [12, 9, 18]},
			"faces": {
				"north": {"uv": [8, 10, 10, 11], "texture": "#0"},
				"east": {"uv": [2, 10, 8, 11], "texture": "#0"},
				"south": {"uv": [0, 10, 2, 11], "texture": "#0"},
				"west": {"uv": [2, 10, 8, 11], "texture": "#0"},
				"up": {"uv": [8, 2, 10, 8], "rotation": 180, "texture": "#0"},
				"down": {"uv": [8, 2, 10, 8], "texture": "#0"}
			}
		}
	]
}