{
	"credit": "Made with Blockbench",
	"parent": "block/block",
	"textures": {
		"0": "eidolon:block/planter_side",
		"1": "eidolon:block/planter_bottom",
		"2": "eidolon:block/planter_soil",
		"particle": "eidolon:block/planter_side"
	},
	"elements": [
		{
			"from": [1.5, 4, 1.5],
			"to": [4.5, 16, 4.5],
			"rotation": {"angle": -45, "axis": "y", "origin": [3, 4, 3]},
			"faces": {
				"north": {"uv": [10, 0, 13, 12], "texture": "#0"},
				"east": {"uv": [10, 0, 13, 12], "texture": "#0"},
				"south": {"uv": [10, 0, 13, 12], "texture": "#0"},
				"west": {"uv": [10, 0, 13, 12], "texture": "#0"},
				"up": {"uv": [13, 0, 16, 3], "texture": "#0"},
				"down": {"uv": [13, 3, 16, 6], "texture": "#0"}
			}
		},
		{
			"from": [1.5, 4, 11.5],
			"to": [4.5, 16, 14.5],
			"rotation": {"angle": -45, "axis": "y", "origin": [3, 4, 13]},
			"faces": {
				"north": {"uv": [10, 0, 13, 12], "texture": "#0"},
				"east": {"uv": [10, 0, 13, 12], "texture": "#0"},
				"south": {"uv": [10, 0, 13, 12], "texture": "#0"},
				"west": {"uv": [10, 0, 13, 12], "texture": "#0"},
				"up": {"uv": [13, 0, 16, 3], "texture": "#0"},
				"down": {"uv": [13, 3, 16, 6], "texture": "#0"}
			}
		},
		{
			"from": [11.5, 4, 11.5],
			"to": [14.5, 16, 14.5],
			"rotation": {"angle": -45, "axis": "y", "origin": [13, 4, 13]},
			"faces": {
				"north": {"uv": [10, 0, 13, 12], "texture": "#0"},
				"east": {"uv": [10, 0, 13, 12], "texture": "#0"},
				"south": {"uv": [10, 0, 13, 12], "texture": "#0"},
				"west": {"uv": [10, 0, 13, 12], "texture": "#0"},
				"up": {"uv": [13, 0, 16, 3], "texture": "#0"},
				"down": {"uv": [13, 3, 16, 6], "texture": "#0"}
			}
		},
		{
			"from": [11.5, 4, 1.5],
			"to": [14.5, 16, 4.5],
			"rotation": {"angle": -45, "axis": "y", "origin": [13, 4, 3]},
			"faces": {
				"north": {"uv": [10, 0, 13, 12], "texture": "#0"},
				"east": {"uv": [10, 0, 13, 12], "texture": "#0"},
				"south": {"uv": [10, 0, 13, 12], "texture": "#0"},
				"west": {"uv": [10, 0, 13, 12], "texture": "#0"},
				"up": {"uv": [13, 0, 16, 3], "texture": "#0"},
				"down": {"uv": [13, 3, 16, 6], "texture": "#0"}
			}
		},
		{
			"from": [3, 5.5, 2],
			"to": [13, 15.5, 4],
			"rotation": {"angle": 0, "axis": "y", "origin": [8, 8.5, 9]},
			"faces": {
				"north": {"uv": [0, 0, 10, 10], "texture": "#0"},
				"east": {"uv": [0, 0, 2, 10], "texture": "#0"},
				"south": {"uv": [0, 0, 10, 10], "texture": "#0"},
				"west": {"uv": [0, 0, 2, 10], "texture": "#0"},
				"up": {"uv": [0, 10, 10, 12], "texture": "#0"},
				"down": {"uv": [0, 10, 10, 12], "texture": "#0"}
			}
		},
		{
			"from": [12, 5.5, 3],
			"to": [14, 15.5, 13],
			"rotation": {"angle": 0, "axis": "y", "origin": [7, 8.5, 8]},
			"faces": {
				"north": {"uv": [0, 0, 2, 10], "texture": "#0"},
				"east": {"uv": [0, 0, 10, 10], "texture": "#0"},
				"south": {"uv": [0, 0, 2, 10], "texture": "#0"},
				"west": {"uv": [0, 0, 10, 10], "texture": "#0"},
				"up": {"uv": [0, 10, 10, 12], "rotation": 90, "texture": "#0"},
				"down": {"uv": [0, 10, 10, 12], "rotation": 270, "texture": "#0"}
			}
		},
		{
			"from": [3, 5.5, 12],
			"to": [13, 15.5, 14],
			"rotation": {"angle": 0, "axis": "y", "origin": [8, 8.5, 7]},
			"faces": {
				"north": {"uv": [0, 0, 10, 10], "texture": "#0"},
				"east": {"uv": [0, 0, 2, 10], "texture": "#0"},
				"south": {"uv": [0, 0, 10, 10], "texture": "#0"},
				"west": {"uv": [0, 0, 2, 10], "texture": "#0"},
				"up": {"uv": [0, 10, 10, 12], "rotation": 180, "texture": "#0"},
				"down": {"uv": [0, 10, 10, 12], "rotation": 180, "texture": "#0"}
			}
		},
		{
			"from": [2, 5.5, 3],
			"to": [4, 15.5, 13],
			"rotation": {"angle": 0, "axis": "y", "origin": [9, 8.5, 8]},
			"faces": {
				"north": {"uv": [0, 0, 2, 10], "texture": "#0"},
				"east": {"uv": [0, 0, 10, 10], "texture": "#0"},
				"south": {"uv": [0, 0, 2, 10], "texture": "#0"},
				"west": {"uv": [0, 0, 10, 10], "texture": "#0"},
				"up": {"uv": [0, 10, 10, 12], "rotation": 270, "texture": "#0"},
				"down": {"uv": [0, 10, 10, 12], "rotation": 90, "texture": "#0"}
			}
		},
		{
			"from": [3, 14.5, 0.99],
			"to": [13, 16.5, 3.99],
			"rotation": {"angle": 0, "axis": "y", "origin": [8, 9, 8.5]},
			"faces": {
				"north": {"uv": [0, 12, 10, 14], "texture": "#0"},
				"east": {"uv": [0, 12, 3, 13], "texture": "#0"},
				"south": {"uv": [0, 12, 10, 14], "texture": "#0"},
				"west": {"uv": [0, 12, 3, 13], "texture": "#0"},
				"up": {"uv": [0, 12, 10, 15], "texture": "#0"},
				"down": {"uv": [0, 12, 10, 15], "texture": "#0"}
			}
		},
		{
			"from": [12.01, 14.5, 3],
			"to": [15.01, 16.5, 13],
			"rotation": {"angle": 0, "axis": "y", "origin": [7.5, 9, 8]},
			"faces": {
				"north": {"uv": [0, 12, 3, 13], "texture": "#0"},
				"east": {"uv": [0, 12, 10, 14], "texture": "#0"},
				"south": {"uv": [0, 12, 3, 13], "texture": "#0"},
				"west": {"uv": [0, 12, 10, 14], "texture": "#0"},
				"up": {"uv": [0, 12, 10, 15], "rotation": 90, "texture": "#0"},
				"down": {"uv": [0, 12, 10, 15], "rotation": 270, "texture": "#0"}
			}
		},
		{
			"from": [3, 14.5, 12.01],
			"to": [13, 16.5, 15.01],
			"rotation": {"angle": 0, "axis": "y", "origin": [8, 9, 7.5]},
			"faces": {
				"north": {"uv": [0, 12, 10, 14], "texture": "#0"},
				"east": {"uv": [0, 12, 3, 13], "texture": "#0"},
				"south": {"uv": [0, 12, 10, 14], "texture": "#0"},
				"west": {"uv": [0, 12, 3, 13], "texture": "#0"},
				"up": {"uv": [0, 12, 10, 15], "texture": "#0"},
				"down": {"uv": [0, 12, 10, 15], "texture": "#0"}
			}
		},
		{
			"from": [0.99, 14.5, 3],
			"to": [3.99, 16.5, 13],
			"rotation": {"angle": 0, "axis": "y", "origin": [8.5, 9, 8]},
			"faces": {
				"north": {"uv": [0, 12, 3, 13], "texture": "#0"},
				"east": {"uv": [0, 12, 10, 14], "texture": "#0"},
				"south": {"uv": [0, 12, 3, 13], "texture": "#0"},
				"west": {"uv": [0, 12, 10, 14], "texture": "#0"},
				"up": {"uv": [0, 12, 10, 15], "rotation": 90, "texture": "#0"},
				"down": {"uv": [0, 12, 10, 15], "rotation": 90, "texture": "#0"}
			}
		},
		{
			"from": [1, 15, 1],
			"to": [5, 17, 5],
			"rotation": {"angle": -45, "axis": "y", "origin": [3, 15, 3]},
			"faces": {
				"north": {"uv": [11, 12, 15, 14], "texture": "#0"},
				"east": {"uv": [11, 12, 15, 14], "texture": "#0"},
				"south": {"uv": [11, 12, 15, 14], "texture": "#0"},
				"west": {"uv": [11, 12, 15, 14], "texture": "#0"},
				"up": {"uv": [11, 12, 15, 16], "texture": "#0"},
				"down": {"uv": [11, 12, 15, 16], "texture": "#0"}
			}
		},
		{
			"from": [1, 15, 11],
			"to": [5, 17, 15],
			"rotation": {"angle": -45, "axis": "y", "origin": [3, 15, 13]},
			"faces": {
				"north": {"uv": [11, 12, 15, 14], "texture": "#0"},
				"east": {"uv": [11, 12, 15, 14], "texture": "#0"},
				"south": {"uv": [11, 12, 15, 14], "texture": "#0"},
				"west": {"uv": [11, 12, 15, 14], "texture": "#0"},
				"up": {"uv": [11, 12, 15, 16], "texture": "#0"},
				"down": {"uv": [11, 12, 15, 16], "texture": "#0"}
			}
		},
		{
			"from": [11, 15, 11],
			"to": [15, 17, 15],
			"rotation": {"angle": -45, "axis": "y", "origin": [13, 15, 13]},
			"faces": {
				"north": {"uv": [11, 12, 15, 14], "texture": "#0"},
				"east": {"uv": [11, 12, 15, 14], "texture": "#0"},
				"south": {"uv": [11, 12, 15, 14], "texture": "#0"},
				"west": {"uv": [11, 12, 15, 14], "texture": "#0"},
				"up": {"uv": [11, 12, 15, 16], "texture": "#0"},
				"down": {"uv": [11, 12, 15, 16], "texture": "#0"}
			}
		},
		{
			"from": [11, 15, 1],
			"to": [15, 17, 5],
			"rotation": {"angle": -45, "axis": "y", "origin": [13, 15, 3]},
			"faces": {
				"north": {"uv": [11, 12, 15, 14], "texture": "#0"},
				"east": {"uv": [11, 12, 15, 14], "texture": "#0"},
				"south": {"uv": [11, 12, 15, 14], "texture": "#0"},
				"west": {"uv": [11, 12, 15, 14], "texture": "#0"},
				"up": {"uv": [11, 12, 15, 16], "texture": "#0"},
				"down": {"uv": [11, 12, 15, 16], "texture": "#0"}
			}
		},
		{
			"from": [3, 3.5, 3],
			"to": [13, 5.5, 13],
			"rotation": {"angle": 0, "axis": "y", "origin": [12, 11.5, 12]},
			"faces": {
				"north": {"uv": [0, 8, 10, 10], "texture": "#1"},
				"east": {"uv": [0, 8, 10, 10], "texture": "#1"},
				"south": {"uv": [0, 8, 10, 10], "texture": "#1"},
				"west": {"uv": [0, 8, 10, 10], "texture": "#1"},
				"up": {"uv": [0, 0, 10, 10], "texture": "#1"},
				"down": {"uv": [0, 0, 10, 10], "texture": "#1"}
			}
		},
		{
			"from": [4, 0, 4],
			"to": [6, 4, 6],
			"rotation": {"angle": 0, "axis": "y", "origin": [12, 8, 12]},
			"faces": {
				"north": {"uv": [13, 6, 15, 10], "texture": "#0"},
				"east": {"uv": [13, 6, 15, 10], "texture": "#0"},
				"south": {"uv": [13, 6, 15, 10], "texture": "#0"},
				"west": {"uv": [13, 6, 15, 10], "texture": "#0"},
				"up": {"uv": [13, 6, 15, 8], "texture": "#0"},
				"down": {"uv": [13, 8, 15, 10], "texture": "#0"}
			}
		},
		{
			"from": [10, 0, 4],
			"to": [12, 4, 6],
			"rotation": {"angle": 0, "axis": "y", "origin": [18, 8, 12]},
			"faces": {
				"north": {"uv": [13, 6, 15, 10], "texture": "#0"},
				"east": {"uv": [13, 6, 15, 10], "texture": "#0"},
				"south": {"uv": [13, 6, 15, 10], "texture": "#0"},
				"west": {"uv": [13, 6, 15, 10], "texture": "#0"},
				"up": {"uv": [13, 6, 15, 8], "texture": "#0"},
				"down": {"uv": [13, 8, 15, 10], "texture": "#0"}
			}
		},
		{
			"from": [10, 0, 10],
			"to": [12, 4, 12],
			"rotation": {"angle": 0, "axis": "y", "origin": [18, 8, 18]},
			"faces": {
				"north": {"uv": [13, 6, 15, 10], "texture": "#0"},
				"east": {"uv": [13, 6, 15, 10], "texture": "#0"},
				"south": {"uv": [13, 6, 15, 10], "texture": "#0"},
				"west": {"uv": [13, 6, 15, 10], "texture": "#0"},
				"up": {"uv": [13, 6, 15, 8], "texture": "#0"},
				"down": {"uv": [13, 8, 15, 10], "texture": "#0"}
			}
		},
		{
			"from": [4, 0, 10],
			"to": [6, 4, 12],
			"rotation": {"angle": 0, "axis": "y", "origin": [12, 8, 18]},
			"faces": {
				"north": {"uv": [13, 6, 15, 10], "texture": "#0"},
				"east": {"uv": [13, 6, 15, 10], "texture": "#0"},
				"south": {"uv": [13, 6, 15, 10], "texture": "#0"},
				"west": {"uv": [13, 6, 15, 10], "texture": "#0"},
				"up": {"uv": [13, 6, 15, 8], "texture": "#0"},
				"down": {"uv": [13, 8, 15, 10], "texture": "#0"}
			}
		},
		{
			"from": [3.5, 6, 3.5],
			"to": [12.5, 16, 12.5],
			"rotation": {"angle": 0, "axis": "y", "origin": [11.5, 14, 11.5]},
			"faces": {
				"north": {"uv": [0, 0, 9, 10], "texture": "#2"},
				"east": {"uv": [0, 0, 9, 10], "texture": "#2"},
				"south": {"uv": [0, 0, 9, 10], "texture": "#2"},
				"west": {"uv": [0, 0, 9, 10], "texture": "#2"},
				"up": {"uv": [0, 0, 9, 9], "texture": "#2"},
				"down": {"uv": [0, 0, 9, 9], "texture": "#2"}
			}
		},
		{
			"from": [12, 4.5, 9],
			"to": [14, 5.5, 11],
			"rotation": {"angle": 0, "axis": "y", "origin": [7, 8, 8]},
			"faces": {
				"north": {"uv": [6, 11, 8, 12], "texture": "#0"},
				"east": {"uv": [6, 11, 8, 12], "texture": "#0"},
				"south": {"uv": [6, 11, 8, 12], "texture": "#0"},
				"west": {"uv": [6, 11, 8, 12], "texture": "#0"},
				"up": {"uv": [6, 10, 8, 12], "texture": "#0"},
				"down": {"uv": [6, 10, 8, 12], "texture": "#0"}
			}
		},
		{
			"from": [2, 4.5, 5],
			"to": [4, 5.5, 7],
			"rotation": {"angle": 0, "axis": "y", "origin": [9, 8, 8]},
			"faces": {
				"north": {"uv": [6, 11, 8, 12], "texture": "#0"},
				"east": {"uv": [6, 11, 8, 12], "texture": "#0"},
				"south": {"uv": [6, 11, 8, 12], "texture": "#0"},
				"west": {"uv": [6, 11, 8, 12], "texture": "#0"},
				"up": {"uv": [6, 10, 8, 12], "rotation": 180, "texture": "#0"},
				"down": {"uv": [6, 10, 8, 12], "rotation": 180, "texture": "#0"}
			}
		},
		{
			"from": [12, 4.5, 5],
			"to": [14, 5.5, 7],
			"rotation": {"angle": 0, "axis": "y", "origin": [7, 8, 8]},
			"faces": {
				"north": {"uv": [6, 11, 8, 12], "texture": "#0"},
				"east": {"uv": [6, 11, 8, 12], "texture": "#0"},
				"south": {"uv": [6, 11, 8, 12], "texture": "#0"},
				"west": {"uv": [6, 11, 8, 12], "texture": "#0"},
				"up": {"uv": [6, 10, 8, 12], "texture": "#0"},
				"down": {"uv": [6, 10, 8, 12], "texture": "#0"}
			}
		},
		{
			"from": [2, 4.5, 9],
			"to": [4, 5.5, 11],
			"rotation": {"angle": 0, "axis": "y", "origin": [9, 8, 8]},
			"faces": {
				"north": {"uv": [6, 11, 8, 12], "texture": "#0"},
				"east": {"uv": [6, 11, 8, 12], "texture": "#0"},
				"south": {"uv": [6, 11, 8, 12], "texture": "#0"},
				"west": {"uv": [6, 11, 8, 12], "texture": "#0"},
				"up": {"uv": [6, 10, 8, 12], "rotation": 180, "texture": "#0"},
				"down": {"uv": [6, 10, 8, 12], "rotation": 180, "texture": "#0"}
			}
		},
		{
			"from": [5, 4.5, 12],
			"to": [7, 5.5, 14],
			"rotation": {"angle": 0, "axis": "y", "origin": [8, 8, 7]},
			"faces": {
				"north": {"uv": [6, 11, 8, 12], "texture": "#0"},
				"east": {"uv": [6, 11, 8, 12], "texture": "#0"},
				"south": {"uv": [6, 11, 8, 12], "texture": "#0"},
				"west": {"uv": [6, 11, 8, 12], "texture": "#0"},
				"up": {"uv": [6, 10, 8, 12], "rotation": 90, "texture": "#0"},
				"down": {"uv": [6, 10, 8, 12], "rotation": 270, "texture": "#0"}
			}
		},
		{
			"from": [9, 4.5, 2],
			"to": [11, 5.5, 4],
			"rotation": {"angle": 0, "axis": "y", "origin": [8, 8, 9]},
			"faces": {
				"north": {"uv": [6, 11, 8, 12], "texture": "#0"},
				"east": {"uv": [6, 11, 8, 12], "texture": "#0"},
				"south": {"uv": [6, 11, 8, 12], "texture": "#0"},
				"west": {"uv": [6, 11, 8, 12], "texture": "#0"},
				"up": {"uv": [6, 10, 8, 12], "rotation": 270, "texture": "#0"},
				"down": {"uv": [6, 10, 8, 12], "rotation": 90, "texture": "#0"}
			}
		},
		{
			"from": [9, 4.5, 12],
			"to": [11, 5.5, 14],
			"rotation": {"angle": 0, "axis": "y", "origin": [8, 8, 7]},
			"faces": {
				"north": {"uv": [6, 11, 8, 12], "texture": "#0"},
				"east": {"uv": [6, 11, 8, 12], "texture": "#0"},
				"south": {"uv": [6, 11, 8, 12], "texture": "#0"},
				"west": {"uv": [6, 11, 8, 12], "texture": "#0"},
				"up": {"uv": [6, 10, 8, 12], "rotation": 90, "texture": "#0"},
				"down": {"uv": [6, 10, 8, 12], "rotation": 270, "texture": "#0"}
			}
		},
		{
			"from": [5, 4.5, 2],
			"to": [7, 5.5, 4],
			"rotation": {"angle": 0, "axis": "y", "origin": [8, 8, 9]},
			"faces": {
				"north": {"uv": [6, 11, 8, 12], "texture": "#0"},
				"east": {"uv": [6, 11, 8, 12], "texture": "#0"},
				"south": {"uv": [6, 11, 8, 12], "texture": "#0"},
				"west": {"uv": [6, 11, 8, 12], "texture": "#0"},
				"up": {"uv": [6, 10, 8, 12], "rotation": 270, "texture": "#0"},
				"down": {"uv": [6, 10, 8, 12], "rotation": 90, "texture": "#0"}
			}
		}
	]
}