{
	"credit": "Made with Blockbench",
	"parent": "block/block",
	"textures": {
		"0": "eidolon:block/research_table_bottom",
		"1": "eidolon:block/research_table_mid",
		"2": "eidolon:block/research_table_side",
		"3": "eidolon:block/research_table_top",
		"4": "eidolon:block/research_table_detail",
		"particle": "eidolon:block/research_table_bottom"
	},
	"elements": [
		{
			"from": [0, 0, 0],
			"to": [16, 4, 16],
			"faces": {
				"north": {"uv": [0, 12, 16, 16], "texture": "#2"},
				"east": {"uv": [0, 12, 16, 16], "texture": "#2"},
				"south": {"uv": [0, 12, 16, 16], "texture": "#2"},
				"west": {"uv": [0, 12, 16, 16], "texture": "#2"},
				"up": {"uv": [0, 0, 16, 16], "texture": "#1"},
				"down": {"uv": [0, 0, 16, 16], "texture": "#0"}
			}
		},
		{
			"from": [0, 10, 0],
			"to": [16, 16, 16],
			"rotation": {"angle": 0, "axis": "y", "origin": [8, 18, 8]},
			"faces": {
				"north": {"uv": [0, 0, 16, 6], "texture": "#2"},
				"east": {"uv": [0, 0, 16, 6], "texture": "#2"},
				"south": {"uv": [0, 0, 16, 6], "texture": "#2"},
				"west": {"uv": [0, 0, 16, 6], "texture": "#2"},
				"up": {"uv": [0, 0, 16, 16], "texture": "#3"},
				"down": {"uv": [0, 0, 16, 16], "texture": "#1"}
			}
		},
		{
			"from": [2, 4, 2],
			"to": [6, 10, 6],
			"rotation": {"angle": 0, "axis": "y", "origin": [10, 12, 10]},
			"faces": {
				"north": {"uv": [10, 6, 14, 12], "texture": "#2"},
				"east": {"uv": [10, 6, 14, 12], "texture": "#2"},
				"south": {"uv": [2, 6, 6, 12], "texture": "#2"},
				"west": {"uv": [2, 6, 6, 12], "texture": "#2"}
			}
		},
		{
			"from": [2, 4, 10],
			"to": [6, 10, 14],
			"rotation": {"angle": 0, "axis": "y", "origin": [10, 12, 18]},
			"faces": {
				"north": {"uv": [10, 6, 14, 12], "texture": "#2"},
				"east": {"uv": [10, 6, 14, 12], "texture": "#2"},
				"south": {"uv": [2, 6, 6, 12], "texture": "#2"},
				"west": {"uv": [2, 6, 6, 12], "texture": "#2"}
			}
		},
		{
			"from": [10, 4, 10],
			"to": [14, 10, 14],
			"rotation": {"angle": 0, "axis": "y", "origin": [18, 12, 18]},
			"faces": {
				"north": {"uv": [10, 6, 14, 12], "texture": "#2"},
				"east": {"uv": [10, 6, 14, 12], "texture": "#2"},
				"south": {"uv": [2, 6, 6, 12], "texture": "#2"},
				"west": {"uv": [2, 6, 6, 12], "texture": "#2"}
			}
		},
		{
			"from": [10, 4, 2],
			"to": [14, 10, 6],
			"rotation": {"angle": 0, "axis": "y", "origin": [18, 12, 10]},
			"faces": {
				"north": {"uv": [10, 6, 14, 12], "texture": "#2"},
				"east": {"uv": [10, 6, 14, 12], "texture": "#2"},
				"south": {"uv": [2, 6, 6, 12], "texture": "#2"},
				"west": {"uv": [2, 6, 6, 12], "texture": "#2"}
			}
		},
		{
			"from": [4, 15, 4],
			"to": [12, 17, 12],
			"rotation": {"angle": 0, "axis": "y", "origin": [12, 23, 19]},
			"faces": {
				"north": {"uv": [0, 8, 8, 10], "texture": "#4"},
				"east": {"uv": [0, 8, 8, 10], "texture": "#4"},
				"south": {"uv": [0, 8, 8, 10], "texture": "#4"},
				"west": {"uv": [0, 8, 8, 10], "texture": "#4"},
				"up": {"uv": [0, 0, 8, 8], "texture": "#4"},
				"down": {"uv": [0, 0, 8, 8], "texture": "#4"}
			}
		},
		{
			"from": [3, 16, 3],
			"to": [5, 18, 5],
			"rotation": {"angle": -45, "axis": "y", "origin": [4, 17, 4]},
			"faces": {
				"north": {"uv": [8, 0, 10, 2], "texture": "#4"},
				"east": {"uv": [8, 0, 10, 2], "texture": "#4"},
				"south": {"uv": [8, 0, 10, 2], "texture": "#4"},
				"west": {"uv": [8, 0, 10, 2], "texture": "#4"},
				"up": {"uv": [8, 2, 10, 4], "texture": "#4"},
				"down": {"uv": [8, 0, 10, 2], "texture": "#4"}
			}
		},
		{
			"from": [3, 16, 11],
			"to": [5, 18, 13],
			"rotation": {"angle": -45, "axis": "y", "origin": [4, 17, 12]},
			"faces": {
				"north": {"uv": [8, 0, 10, 2], "texture": "#4"},
				"east": {"uv": [8, 0, 10, 2], "texture": "#4"},
				"south": {"uv": [8, 0, 10, 2], "texture": "#4"},
				"west": {"uv": [8, 0, 10, 2], "texture": "#4"},
				"up": {"uv": [8, 2, 10, 4], "texture": "#4"},
				"down": {"uv": [8, 0, 10, 2], "texture": "#4"}
			}
		},
		{
			"from": [11, 16, 11],
			"to": [13, 18, 13],
			"rotation": {"angle": -45, "axis": "y", "origin": [12, 17, 12]},
			"faces": {
				"north": {"uv": [8, 0, 10, 2], "texture": "#4"},
				"east": {"uv": [8, 0, 10, 2], "texture": "#4"},
				"south": {"uv": [8, 0, 10, 2], "texture": "#4"},
				"west": {"uv": [8, 0, 10, 2], "texture": "#4"},
				"up": {"uv": [8, 2, 10, 4], "texture": "#4"},
				"down": {"uv": [8, 0, 10, 2], "texture": "#4"}
			}
		},
		{
			"from": [11, 16, 3],
			"to": [13, 18, 5],
			"rotation": {"angle": -45, "axis": "y", "origin": [12, 17, 4]},
			"faces": {
				"north": {"uv": [8, 0, 10, 2], "texture": "#4"},
				"east": {"uv": [8, 0, 10, 2], "texture": "#4"},
				"south": {"uv": [8, 0, 10, 2], "texture": "#4"},
				"west": {"uv": [8, 0, 10, 2], "texture": "#4"},
				"up": {"uv": [8, 2, 10, 4], "texture": "#4"},
				"down": {"uv": [8, 0, 10, 2], "texture": "#4"}
			}
		},
		{
			"from": [2.5, 16, 0.5],
			"to": [3.5, 17, 1.5],
			"rotation": {"angle": 22.5, "axis": "y", "origin": [3, 16.5, 1]},
			"faces": {
				"north": {"uv": [15, 6, 16, 7], "texture": "#4"},
				"east": {"uv": [15, 6, 16, 7], "texture": "#4"},
				"south": {"uv": [15, 6, 16, 7], "texture": "#4"},
				"west": {"uv": [15, 6, 16, 7], "texture": "#4"},
				"up": {"uv": [15, 6, 16, 7], "rotation": 90, "texture": "#4"},
				"down": {"uv": [15, 6, 16, 7], "rotation": 270, "texture": "#4"}
			}
		},
		{
			"from": [2.5, 23, 0.5],
			"to": [3.5, 24, 1.5],
			"rotation": {"angle": 22.5, "axis": "y", "origin": [3, 23.5, 1]},
			"faces": {
				"north": {"uv": [13, 0, 14, 1], "rotation": 90, "texture": "#4"},
				"east": {"uv": [13, 0, 14, 1], "rotation": 90, "texture": "#4"},
				"south": {"uv": [13, 0, 14, 1], "rotation": 90, "texture": "#4"},
				"west": {"uv": [13, 0, 14, 1], "rotation": 90, "texture": "#4"},
				"up": {"uv": [13, 0, 14, 1], "rotation": 90, "texture": "#4"},
				"down": {"uv": [13, 0, 14, 1], "rotation": 90, "texture": "#4"}
			}
		},
		{
			"from": [1.5, 17, -0.5],
			"to": [4.5, 18, 2.5],
			"rotation": {"angle": 22.5, "axis": "y", "origin": [3, 17.5, 1]},
			"faces": {
				"north": {"uv": [12, 8, 15, 9], "texture": "#4"},
				"east": {"uv": [12, 8, 15, 9], "texture": "#4"},
				"south": {"uv": [12, 8, 15, 9], "texture": "#4"},
				"west": {"uv": [12, 8, 15, 9], "texture": "#4"},
				"up": {"uv": [12, 6, 15, 9], "rotation": 90, "texture": "#4"},
				"down": {"uv": [12, 6, 15, 9], "rotation": 270, "texture": "#4"}
			}
		},
		{
			"from": [2, 18, 0],
			"to": [4, 23, 2],
			"rotation": {"angle": 22.5, "axis": "y", "origin": [3, 18.5, 1]},
			"faces": {
				"north": {"uv": [12, 1, 14, 6], "texture": "#4"},
				"east": {"uv": [12, 1, 14, 6], "texture": "#4"},
				"south": {"uv": [12, 1, 14, 6], "texture": "#4"},
				"west": {"uv": [12, 1, 14, 6], "texture": "#4"},
				"up": {"uv": [14, 0, 16, 2], "texture": "#4"},
				"down": {"uv": [14, 0, 16, 2], "texture": "#4"}
			}
		},
		{
			"from": [-0.5, 16, 1.5],
			"to": [2.5, 17, 4.5],
			"rotation": {"angle": -22.5, "axis": "y", "origin": [1, 16.5, 3]},
			"faces": {
				"north": {"uv": [12, 8, 15, 9], "texture": "#4"},
				"east": {"uv": [12, 8, 15, 9], "texture": "#4"},
				"south": {"uv": [12, 8, 15, 9], "texture": "#4"},
				"west": {"uv": [12, 8, 15, 9], "texture": "#4"},
				"up": {"uv": [12, 6, 15, 9], "texture": "#4"},
				"down": {"uv": [12, 6, 15, 9], "texture": "#4"}
			}
		},
		{
			"from": [0, 17, 2],
			"to": [2, 21, 4],
			"rotation": {"angle": -22.5, "axis": "y", "origin": [1, 17.5, 3]},
			"faces": {
				"north": {"uv": [14, 2, 16, 6], "texture": "#4"},
				"east": {"uv": [14, 2, 16, 6], "texture": "#4"},
				"south": {"uv": [14, 2, 16, 6], "texture": "#4"},
				"west": {"uv": [14, 2, 16, 6], "texture": "#4"},
				"up": {"uv": [14, 0, 16, 2], "rotation": 270, "texture": "#4"},
				"down": {"uv": [14, 0, 16, 2], "rotation": 90, "texture": "#4"}
			}
		},
		{
			"from": [0.5, 21, 2.5],
			"to": [1.5, 22, 3.5],
			"rotation": {"angle": -22.5, "axis": "y", "origin": [1, 21.5, 3]},
			"faces": {
				"north": {"uv": [13, 0, 14, 1], "rotation": 90, "texture": "#4"},
				"east": {"uv": [13, 0, 14, 1], "rotation": 90, "texture": "#4"},
				"south": {"uv": [13, 0, 14, 1], "rotation": 90, "texture": "#4"},
				"west": {"uv": [13, 0, 14, 1], "rotation": 90, "texture": "#4"},
				"up": {"uv": [13, 0, 14, 1], "texture": "#4"},
				"down": {"uv": [13, 0, 14, 1], "rotation": 180, "texture": "#4"}
			}
		},
		{
			"from": [13, 16, 13],
			"to": [15, 18, 15],
			"rotation": {"angle": 22.5, "axis": "y", "origin": [14, 17, 14]},
			"faces": {
				"north": {"uv": [0, 11, 2, 13], "texture": "#4"},
				"east": {"uv": [0, 11, 2, 13], "texture": "#4"},
				"south": {"uv": [0, 11, 2, 13], "texture": "#4"},
				"west": {"uv": [0, 11, 2, 13], "texture": "#4"},
				"up": {"uv": [0, 11, 2, 13], "texture": "#4"},
				"down": {"uv": [0, 11, 2, 13], "texture": "#4"}
			}
		},
		{
			"from": [12.5, 18, 12.5],
			"to": [15.5, 19, 15.5],
			"rotation": {"angle": 22.5, "axis": "y", "origin": [14, 19, 14]},
			"faces": {
				"north": {"uv": [2, 12, 5, 13], "texture": "#4"},
				"east": {"uv": [2, 12, 5, 13], "texture": "#4"},
				"south": {"uv": [2, 12, 5, 13], "texture": "#4"},
				"west": {"uv": [2, 12, 5, 13], "texture": "#4"},
				"up": {"uv": [2, 10, 5, 13], "texture": "#4"},
				"down": {"uv": [2, 10, 5, 13], "texture": "#4"}
			}
		},
		{
			"from": [13.5, 18, 13.5],
			"to": [14.5, 22, 14.5],
			"rotation": {"angle": -22.5, "axis": "z", "origin": [14, 18.5, 14]},
			"faces": {
				"north": {"uv": [5, 10, 6, 14], "texture": "#4"},
				"east": {"uv": [5, 10, 6, 14], "texture": "#4"},
				"south": {"uv": [5, 10, 6, 14], "texture": "#4"},
				"west": {"uv": [5, 10, 6, 14], "texture": "#4"},
				"up": {"uv": [5, 10, 6, 11], "texture": "#4"},
				"down": {"uv": [5, 13, 6, 14], "texture": "#4"}
			}
		}
	]
}