{
	"credit": "Made with Blockbench",
	"parent": "block/block",
  "render_type": "cutout",
	"textures": {
		"0": "eidolon:block/scriptorium_detail",
		"1": "eidolon:block/scriptorium_top",
		"2": "eidolon:block/scriptorium_legs",
		"particle": "eidolon:block/scriptorium_detail"
	},
	"elements": [
		{
			"from": [0, 4.87917, 8.20119],
			"to": [16, 8.87917, 20.20119],
			"rotation": {"angle": -22.5, "axis": "x", "origin": [0, -2.12083, 0.20119]},
			"faces": {
				"north": {"uv": [0, 12, 16, 16], "texture": "#1"},
				"east": {"uv": [0, 0, 12, 4], "texture": "#2"},
				"south": {"uv": [0, 12, 16, 16], "texture": "#1"},
				"west": {"uv": [12, 0, 0, 4], "texture": "#2"},
				"up": {"uv": [0, 12, 16, 0], "texture": "#1"},
				"down": {"uv": [0, 12, 16, 0], "texture": "#1"}
			}
		},
		{
			"from": [1, 0, 11],
			"to": [4, 12, 14],
			"faces": {
				"north": {"uv": [3, 4, 6, 16], "texture": "#2"},
				"east": {"uv": [3, 4, 6, 16], "texture": "#2"},
				"south": {"uv": [3, 4, 6, 16], "texture": "#2"},
				"west": {"uv": [3, 4, 6, 16], "texture": "#2"},
				"up": {"uv": [0, 4, 3, 7], "texture": "#2"},
				"down": {"uv": [0, 4, 3, 7], "texture": "#2"}
			}
		},
		{
			"from": [12, 0, 11],
			"to": [15, 12, 14],
			"faces": {
				"north": {"uv": [3, 4, 6, 16], "texture": "#2"},
				"east": {"uv": [3, 4, 6, 16], "texture": "#2"},
				"south": {"uv": [3, 4, 6, 16], "texture": "#2"},
				"west": {"uv": [3, 4, 6, 16], "texture": "#2"},
				"up": {"uv": [0, 4, 3, 7], "texture": "#2"},
				"down": {"uv": [0, 4, 3, 7], "texture": "#2"}
			}
		},
		{
			"from": [12, 0, 5],
			"to": [15, 9, 8],
			"faces": {
				"north": {"uv": [0, 7, 3, 16], "texture": "#2"},
				"east": {"uv": [0, 7, 3, 16], "texture": "#2"},
				"south": {"uv": [0, 7, 3, 16], "texture": "#2"},
				"west": {"uv": [0, 7, 3, 16], "texture": "#2"},
				"up": {"uv": [0, 4, 3, 7], "texture": "#2"},
				"down": {"uv": [0, 4, 3, 7], "texture": "#2"}
			}
		},
		{
			"from": [1, 0, 5],
			"to": [4, 9, 8],
			"faces": {
				"north": {"uv": [0, 7, 3, 16], "texture": "#2"},
				"east": {"uv": [0, 7, 3, 16], "texture": "#2"},
				"south": {"uv": [0, 7, 3, 16], "texture": "#2"},
				"west": {"uv": [0, 7, 3, 16], "texture": "#2"},
				"up": {"uv": [0, 4, 3, 7], "texture": "#2"},
				"down": {"uv": [0, 4, 3, 7], "texture": "#2"}
			}
		},
		{
			"from": [-1.5, 8, 1],
			"to": [7.5, 10, 7],
			"rotation": {"angle": 22.5, "axis": "y", "origin": [0, 0, 0]},
			"faces": {
				"north": {"uv": [6, 14, 15, 16], "texture": "#2"},
				"east": {"uv": [16, 0, 12, 2], "texture": "#2"},
				"south": {"uv": [6, 14, 15, 16], "texture": "#2"},
				"west": {"uv": [12, 0, 16, 2], "texture": "#2"},
				"up": {"uv": [6, 14, 15, 8], "texture": "#2"},
				"down": {"uv": [6, 8, 15, 14], "texture": "#2"}
			}
		},
		{
			"from": [8.5, 7.99, 1],
			"to": [17.5, 9.99, 7],
			"rotation": {"angle": -22.5, "axis": "y", "origin": [16, 0, 0]},
			"faces": {
				"north": {"uv": [15, 14, 6, 16], "texture": "#2"},
				"east": {"uv": [16, 0, 12, 2], "texture": "#2"},
				"south": {"uv": [15, 14, 6, 16], "texture": "#2"},
				"west": {"uv": [12, 0, 16, 2], "texture": "#2"},
				"up": {"uv": [15, 4, 6, 10], "texture": "#2"},
				"down": {"uv": [15, 10, 6, 4], "texture": "#2"}
			}
		},
		{
			"from": [12, 3, 8],
			"to": [14, 10, 11],
			"rotation": {"angle": 0, "axis": "y", "origin": [16, 0, 0]},
			"faces": {
				"east": {"uv": [16, 9, 13, 16], "texture": "#0"},
				"west": {"uv": [16, 9, 13, 16], "texture": "#0"},
				"up": {"uv": [13, 16, 16, 14], "rotation": 90, "texture": "#0"},
				"down": {"uv": [13, 16, 16, 14], "rotation": 90, "texture": "#0"}
			}
		},
		{
			"from": [2, 3, 8],
			"to": [4, 10, 11],
			"faces": {
				"east": {"uv": [13, 9, 16, 16], "texture": "#0"},
				"west": {"uv": [13, 9, 16, 16], "texture": "#0"},
				"up": {"uv": [13, 14, 16, 16], "rotation": 90, "texture": "#0"},
				"down": {"uv": [13, 14, 16, 16], "rotation": 90, "texture": "#0"}
			}
		},
		{
			"from": [-1, 10, 1.5],
			"to": [3, 13, 5.5],
			"rotation": {"angle": 22.5, "axis": "y", "origin": [0, 0, 0]},
			"faces": {
				"north": {"uv": [0, 4, 4, 7], "texture": "#0"},
				"east": {"uv": [0, 4, 4, 7], "texture": "#0"},
				"south": {"uv": [0, 4, 4, 7], "texture": "#0"},
				"west": {"uv": [0, 4, 4, 7], "texture": "#0"},
				"up": {"uv": [0, 0, 4, 4], "texture": "#0"},
				"down": {"uv": [0, 0, 4, 4], "texture": "#0"}
			}
		},
		{
			"from": [4.5, 10, -0.25],
			"to": [7.5, 12, 2.75],
			"faces": {
				"north": {"uv": [6, 10, 9, 12], "texture": "#0"},
				"east": {"uv": [6, 10, 9, 12], "texture": "#0"},
				"south": {"uv": [6, 10, 9, 12], "texture": "#0"},
				"west": {"uv": [6, 10, 9, 12], "texture": "#0"},
				"up": {"uv": [6, 7, 9, 10], "texture": "#0"},
				"down": {"uv": [6, 7, 9, 10], "texture": "#0"}
			}
		},
		{
			"from": [5, 12, 0.25],
			"to": [7, 13, 2.25],
			"faces": {
				"north": {"uv": [5, 6, 7, 7], "texture": "#0"},
				"east": {"uv": [5, 6, 7, 7], "texture": "#0"},
				"south": {"uv": [5, 6, 7, 7], "texture": "#0"},
				"west": {"uv": [5, 6, 7, 7], "texture": "#0"},
				"up": {"uv": [5, 4, 7, 6], "texture": "#0"},
				"down": {"uv": [5, 4, 7, 6], "texture": "#0"}
			}
		},
		{
			"from": [-0.5, 13, 2],
			"to": [2.5, 14, 5],
			"rotation": {"angle": 22.5, "axis": "y", "origin": [0, 0, 0]},
			"faces": {
				"north": {"uv": [4, 3, 7, 4], "texture": "#0"},
				"east": {"uv": [4, 3, 7, 4], "texture": "#0"},
				"south": {"uv": [4, 3, 7, 4], "texture": "#0"},
				"west": {"uv": [4, 3, 7, 4], "texture": "#0"},
				"up": {"uv": [4, 0, 7, 3], "texture": "#0"}
			}
		},
		{
			"from": [3.08678, 14, 0.8509],
			"to": [3.08678, 22, 6.8509],
			"rotation": {"angle": -22.5, "axis": "y", "origin": [-1.66322, 0, -0.3991]},
			"faces": {
				"east": {"uv": [6, 8, 0, 16], "texture": "#0"},
				"west": {"uv": [0, 8, 6, 16], "texture": "#0"}
			}
		},
		{
			"from": [9, 10, 1.5],
			"to": [17, 11, 5.5],
			"rotation": {"angle": -22.5, "axis": "y", "origin": [16, 0, 0]},
			"faces": {
				"north": {"uv": [8, 4, 16, 5], "texture": "#0"},
				"east": {"uv": [8, 5, 12, 6], "texture": "#0"},
				"south": {"uv": [8, 4, 16, 5], "texture": "#0"},
				"west": {"uv": [8, 5, 12, 6], "texture": "#0"},
				"up": {"uv": [8, 0, 16, 4], "texture": "#0"},
				"down": {"uv": [8, 0, 16, 4], "texture": "#0"}
			}
		},
		{
			"from": [7, 11, -1.5],
			"to": [15, 12, 2.5],
			"rotation": {"angle": 22.5, "axis": "y", "origin": [16, 0, 0]},
			"faces": {
				"north": {"uv": [8, 4, 16, 5], "texture": "#0"},
				"east": {"uv": [8, 5, 12, 6], "texture": "#0"},
				"south": {"uv": [8, 4, 16, 5], "texture": "#0"},
				"west": {"uv": [8, 5, 12, 6], "texture": "#0"},
				"up": {"uv": [8, 0, 16, 4], "texture": "#0"},
				"down": {"uv": [8, 0, 16, 4], "texture": "#0"}
			}
		},
		{
			"from": [8, 11.01, -0.25],
			"to": [16, 11.01, 3.75],
			"rotation": {"angle": 0, "axis": "y", "origin": [16, 0, 0]},
			"faces": {
				"north": {"uv": [8, 4, 16, 5], "texture": "#0"},
				"east": {"uv": [8, 5, 12, 6], "texture": "#0"},
				"south": {"uv": [8, 4, 16, 5], "texture": "#0"},
				"west": {"uv": [8, 5, 12, 6], "texture": "#0"},
				"up": {"uv": [8, 0, 16, 4], "texture": "#0"},
				"down": {"uv": [8, 0, 16, 4], "texture": "#0"}
			}
		}
	]
}