{
	"credit": "Made with Blockbench",
	"parent": "block/block",
	"textures": {
		"0": "eidolon:block/soul_enchanter_side",
		"1": "eidolon:block/soul_enchanter_bottom",
		"2": "eidolon:block/soul_enchanter_top",
		"particle": "eidolon:block/soul_enchanter_side"
	},
	"elements": [
		{
			"from": [0, 0, 0],
			"to": [16, 12, 16],
			"faces": {
				"north": {"uv": [0, 4, 16, 16], "texture": "#0"},
				"east": {"uv": [0, 4, 16, 16], "texture": "#0"},
				"south": {"uv": [0, 4, 16, 16], "texture": "#0"},
				"west": {"uv": [0, 4, 16, 16], "texture": "#0"},
				"up": {"uv": [0, 0, 16, 16], "rotation": 180, "texture": "#2"},
				"down": {"uv": [0, 0, 16, 16], "texture": "#1"}
			}
		}
	]
}