{
	"credit": "Made with Blockbench",
	"parent": "block/block",
	"textures": {
		"0": "eidolon:block/wooden_effigy",
		"particle": "eidolon:block/wooden_effigy"
	},
	"elements": [
		{
			"from": [4.5, 0, 4.5],
			"to": [11.5, 2, 11.5],
			"rotation": {"angle": 0, "axis": "y", "origin": [18.5, 8, 18.5]},
			"faces": {
				"north": {"uv": [13, 9, 15, 16], "rotation": 90, "texture": "#0"},
				"east": {"uv": [13, 9, 15, 16], "rotation": 90, "texture": "#0"},
				"south": {"uv": [13, 9, 15, 16], "rotation": 90, "texture": "#0"},
				"west": {"uv": [13, 9, 15, 16], "rotation": 90, "texture": "#0"},
				"up": {"uv": [6, 9, 13, 16], "texture": "#0"},
				"down": {"uv": [6, 9, 13, 16], "texture": "#0"}
			}
		},
		{
			"from": [8, 3, 7],
			"to": [10, 7, 9],
			"rotation": {"angle": 0, "axis": "y", "origin": [17, 11, 15]},
			"faces": {
				"north": {"uv": [0, 10, 2, 14], "texture": "#0"},
				"east": {"uv": [0, 10, 2, 14], "texture": "#0"},
				"south": {"uv": [0, 10, 2, 14], "texture": "#0"},
				"west": {"uv": [0, 10, 2, 14], "texture": "#0"},
				"up": {"uv": [2, 10, 4, 12], "texture": "#0"},
				"down": {"uv": [0, 14, 2, 16], "texture": "#0"}
			}
		},
		{
			"from": [6, 3, 7],
			"to": [8, 7, 9],
			"rotation": {"angle": 0, "axis": "y", "origin": [15, 11, 15]},
			"faces": {
				"north": {"uv": [0, 10, 2, 14], "texture": "#0"},
				"east": {"uv": [0, 10, 2, 14], "texture": "#0"},
				"south": {"uv": [0, 10, 2, 14], "texture": "#0"},
				"west": {"uv": [0, 10, 2, 14], "texture": "#0"},
				"up": {"uv": [2, 10, 4, 12], "texture": "#0"},
				"down": {"uv": [0, 14, 2, 16], "texture": "#0"}
			}
		},
		{
			"from": [6, 7, 7],
			"to": [10, 11, 9],
			"rotation": {"angle": 0, "axis": "y", "origin": [15, 15, 15]},
			"faces": {
				"north": {"uv": [5, 5, 9, 9], "texture": "#0"},
				"east": {"uv": [9, 5, 11, 9], "texture": "#0"},
				"south": {"uv": [5, 5, 9, 9], "texture": "#0"},
				"west": {"uv": [9, 5, 11, 9], "texture": "#0"},
				"up": {"uv": [11, 5, 15, 7], "texture": "#0"},
				"down": {"uv": [11, 7, 15, 9], "texture": "#0"}
			}
		},
		{
			"from": [9.6, 6, 7],
			"to": [11.6, 11, 9],
			"rotation": {"angle": 22.5, "axis": "z", "origin": [9.6, 11, 8]},
			"faces": {
				"north": {"uv": [4, 10, 6, 15], "texture": "#0"},
				"east": {"uv": [4, 10, 6, 15], "texture": "#0"},
				"south": {"uv": [4, 10, 6, 15], "texture": "#0"},
				"west": {"uv": [4, 10, 6, 15], "texture": "#0"},
				"up": {"uv": [2, 10, 4, 12], "texture": "#0"},
				"down": {"uv": [0, 14, 2, 16], "texture": "#0"}
			}
		},
		{
			"from": [4.4, 6, 7],
			"to": [6.4, 11, 9],
			"rotation": {"angle": -22.5, "axis": "z", "origin": [6.4, 11, 8]},
			"faces": {
				"north": {"uv": [6, 10, 4, 15], "texture": "#0"},
				"east": {"uv": [6, 10, 4, 15], "texture": "#0"},
				"south": {"uv": [6, 10, 4, 15], "texture": "#0"},
				"west": {"uv": [6, 10, 4, 15], "texture": "#0"},
				"up": {"uv": [4, 10, 2, 12], "texture": "#0"},
				"down": {"uv": [2, 14, 0, 16], "texture": "#0"}
			}
		},
		{
			"from": [5.5, 11, 5],
			"to": [10.5, 16, 10],
			"rotation": {"angle": 0, "axis": "y", "origin": [13.5, 19, 13]},
			"faces": {
				"north": {"uv": [0, 0, 5, 5], "texture": "#0"},
				"east": {"uv": [5, 0, 10, 5], "texture": "#0"},
				"south": {"uv": [5, 0, 10, 5], "texture": "#0"},
				"west": {"uv": [5, 0, 10, 5], "texture": "#0"},
				"up": {"uv": [10, 0, 15, 5], "texture": "#0"},
				"down": {"uv": [0, 5, 5, 10], "texture": "#0"}
			}
		},
		{
			"from": [7.5, 2, 7.5],
			"to": [8.5, 3, 8.5],
			"rotation": {"angle": 0, "axis": "y", "origin": [8, 2.5, 8]},
			"faces": {
				"north": {"uv": [14, 9, 15, 10], "texture": "#0"},
				"east": {"uv": [14, 9, 15, 10], "texture": "#0"},
				"south": {"uv": [14, 9, 15, 10], "texture": "#0"},
				"west": {"uv": [14, 9, 15, 10], "texture": "#0"},
				"up": {"uv": [14, 9, 15, 10], "texture": "#0"},
				"down": {"uv": [14, 9, 15, 10], "texture": "#0"}
			}
		}
	]
}