{
  "credit": "Made with Blockbench",
  "parent": "block/block",
  "render_type": "cutout_mipped",
  "textures": {
    "0": "eidolon:block/unholy_effigy_head",
    "1": "eidolon:block/unholy_effigy_parts",
    "particle": "eidolon:block/unholy_effigy_head"
  },
  "elements": [
    {
      "from": [
        5.5,
        11,
        5.5
      ],
      "to": [
        10.5,
        16,
        10.5
      ],
      "rotation": {
        "angle": 0,
        "axis": "y",
        "origin": [
          17.5,
          19,
          17.5
        ]
      },
			"faces": {
				"north": {"uv": [0, 0, 5, 5], "texture": "#0"},
				"east": {"uv": [5, 0, 10, 5], "texture": "#0"},
				"south": {"uv": [5, 0, 10, 5], "texture": "#0"},
				"west": {"uv": [5, 0, 10, 5], "texture": "#0"},
				"up": {"uv": [10, 0, 15, 5], "texture": "#0"},
				"down": {"uv": [0, 5, 5, 10], "texture": "#0"}
			}
		},
		{
			"from": [8, 8, 5.502],
			"to": [10, 12, 6.502],
			"rotation": {"angle": 22.5, "axis": "z", "origin": [9, 12, 5.5]},
			"faces": {
				"north": {"uv": [0, 10, 2, 14], "texture": "#0"},
				"east": {"uv": [0, 10, 1, 14], "texture": "#0"},
				"south": {"uv": [2, 10, 0, 14], "texture": "#0"},
				"west": {"uv": [1, 10, 2, 14], "texture": "#0"},
				"up": {"uv": [0, 10, 2, 11], "texture": "#0"},
				"down": {"uv": [0, 13, 2, 14], "texture": "#0"}
			}
		},
		{
			"from": [6, 8, 5.502],
			"to": [8, 12, 6.502],
			"rotation": {"angle": -22.5, "axis": "z", "origin": [7, 12, 5.5]},
			"faces": {
				"north": {"uv": [2, 10, 0, 14], "texture": "#0"},
				"east": {"uv": [0, 10, 1, 14], "texture": "#0"},
				"south": {"uv": [0, 10, 2, 14], "texture": "#0"},
				"west": {"uv": [1, 10, 2, 14], "texture": "#0"},
				"up": {"uv": [0, 10, 2, 11], "texture": "#0"},
				"down": {"uv": [0, 13, 2, 14], "texture": "#0"}
			}
		},
		{
			"from": [7, 8, 5.501],
			"to": [9, 12, 6.501],
			"rotation": {"angle": 0, "axis": "z", "origin": [8, 12, 5.5]},
			"faces": {
				"north": {"uv": [4, 10, 2, 14], "texture": "#0"},
				"east": {"uv": [0, 10, 1, 14], "texture": "#0"},
				"south": {"uv": [4, 10, 2, 14], "texture": "#0"},
				"west": {"uv": [1, 10, 2, 14], "texture": "#0"},
				"up": {"uv": [0, 10, 2, 11], "texture": "#0"},
				"down": {"uv": [0, 13, 2, 14], "texture": "#0"}
			}
		},
		{
			"from": [5.5, 6, 6.5],
			"to": [10.5, 11, 9.5],
			"rotation": {"angle": 0, "axis": "y", "origin": [17.5, 16, 14.5]},
			"faces": {
				"north": {"uv": [5, 5, 10, 10], "texture": "#0"},
				"east": {"uv": [13, 5, 10, 10], "texture": "#0"},
				"south": {"uv": [5, 5, 10, 10], "texture": "#0"},
				"west": {"uv": [10, 5, 13, 10], "texture": "#0"},
				"up": {"uv": [5, 5, 10, 8], "texture": "#0"},
				"down": {"uv": [5, 5, 10, 8], "texture": "#0"}
			}
		},
		{
			"from": [8.5, 0, 7],
			"to": [10.5, 6, 9],
			"rotation": {"angle": 0, "axis": "y", "origin": [16.5, 8, 15]},
			"faces": {
				"north": {"uv": [5, 10, 7, 16], "texture": "#0"},
				"east": {"uv": [7, 10, 9, 16], "texture": "#0"},
				"south": {"uv": [7, 10, 5, 16], "texture": "#0"},
				"west": {"uv": [7, 10, 9, 16], "texture": "#0"},
				"down": {"uv": [9, 12, 11, 14], "texture": "#0"}
			}
		},
		{
			"from": [5.5, 0, 7],
			"to": [7.5, 6, 9],
			"rotation": {"angle": 0, "axis": "y", "origin": [-0.5, 8, 15]},
			"faces": {
				"north": {"uv": [7, 10, 5, 16], "texture": "#0"},
				"east": {"uv": [9, 10, 7, 16], "texture": "#0"},
				"south": {"uv": [5, 10, 7, 16], "texture": "#0"},
				"west": {"uv": [9, 10, 7, 16], "texture": "#0"},
				"down": {"uv": [11, 12, 9, 14], "texture": "#0"}
			}
		},
		{
			"from": [4, 8, 6.49],
			"to": [7, 10, 9.49],
			"rotation": {"angle": -45, "axis": "z", "origin": [7, 10, 8]},
			"faces": {
				"north": {"uv": [11, 10, 14, 12], "texture": "#0"},
				"east": {"uv": [11, 10, 14, 12], "texture": "#0"},
				"south": {"uv": [11, 10, 14, 12], "texture": "#0"},
				"west": {"uv": [11, 10, 14, 12], "texture": "#0"},
				"up": {"uv": [13, 7, 16, 10], "texture": "#0"},
				"down": {"uv": [13, 7, 16, 10], "texture": "#0"}
			}
		},
		{
			"from": [2, 5, 6.49],
			"to": [7, 8, 9.49],
			"rotation": {"angle": -45, "axis": "z", "origin": [7, 10, 8]},
			"faces": {
				"north": {"uv": [11, 10, 14, 15], "rotation": 270, "texture": "#0"},
				"east": {"uv": [13, 7, 16, 10], "texture": "#0"},
				"south": {"uv": [11, 10, 14, 15], "rotation": 90, "texture": "#0"},
				"west": {"uv": [13, 7, 16, 10], "texture": "#0"},
				"up": {"uv": [11, 10, 14, 15], "rotation": 90, "texture": "#0"},
				"down": {"uv": [11, 10, 14, 15], "rotation": 90, "texture": "#0"}
			}
		},
		{
			"from": [9, 5, 6.49],
			"to": [14, 8, 9.49],
			"rotation": {"angle": 45, "axis": "z", "origin": [9, 10, 8]},
			"faces": {
				"north": {"uv": [11, 15, 14, 10], "rotation": 270, "texture": "#0"},
				"east": {"uv": [16, 7, 13, 10], "texture": "#0"},
				"south": {"uv": [11, 15, 14, 10], "rotation": 90, "texture": "#0"},
				"west": {"uv": [16, 7, 13, 10], "texture": "#0"},
				"up": {"uv": [11, 15, 14, 10], "rotation": 90, "texture": "#0"},
				"down": {"uv": [11, 15, 14, 10], "rotation": 90, "texture": "#0"}
			}
		},
		{
			"from": [9, 8, 6.49],
			"to": [12, 10, 9.49],
			"rotation": {"angle": 45, "axis": "z", "origin": [9, 10, 8]},
			"faces": {
				"north": {"uv": [14, 10, 11, 12], "texture": "#0"},
				"east": {"uv": [14, 10, 11, 12], "texture": "#0"},
				"south": {"uv": [14, 10, 11, 12], "texture": "#0"},
				"west": {"uv": [14, 10, 11, 12], "texture": "#0"},
				"up": {"uv": [16, 7, 13, 10], "texture": "#0"},
				"down": {"uv": [16, 7, 13, 10], "texture": "#0"}
			}
		},
		{
			"from": [7.75, 0, 6.475],
			"to": [10.75, 6, 9.525],
			"rotation": {"angle": 22.5, "axis": "z", "origin": [7.75, 6, 7.5]},
			"faces": {
				"north": {"uv": [0, 3, 3, 9], "texture": "#1"},
				"east": {"uv": [3, 3, 6, 9], "texture": "#1"},
				"south": {"uv": [3, 3, 0, 9], "texture": "#1"},
				"west": {"uv": [6, 3, 9, 9], "texture": "#1"},
				"up": {"uv": [0, 0, 3, 3], "texture": "#1"},
				"down": {"uv": [0, 0, 3, 3], "rotation": 180, "texture": "#1"}
			}
		},
		{
			"from": [5.25, 0, 6.475],
			"to": [8.25, 6, 9.525],
			"rotation": {"angle": -22.5, "axis": "z", "origin": [8.25, 6, 7.5]},
			"faces": {
				"north": {"uv": [3, 3, 0, 9], "texture": "#1"},
				"east": {"uv": [9, 3, 6, 9], "texture": "#1"},
				"south": {"uv": [0, 3, 3, 9], "texture": "#1"},
				"west": {"uv": [6, 3, 3, 9], "texture": "#1"},
				"up": {"uv": [3, 0, 0, 3], "texture": "#1"},
				"down": {"uv": [3, 0, 0, 3], "rotation": 180, "texture": "#1"}
			}
		},
		{
			"from": [5, 14.5, 5],
			"to": [11, 17.5, 11],
			"rotation": {"angle": 0, "axis": "y", "origin": [13, 22.5, 13]},
			"faces": {
				"north": {"uv": [0, 9, 6, 12], "texture": "#1"},
				"east": {"uv": [6, 12, 0, 15], "texture": "#1"},
				"south": {"uv": [6, 12, 12, 15], "texture": "#1"},
				"west": {"uv": [0, 12, 6, 15], "texture": "#1"}
			}
		},
		{
			"from": [5, 14.5, 11],
			"to": [11, 17.5, 5],
			"rotation": {"angle": 0, "axis": "y", "origin": [13, 22.5, -3]},
			"faces": {
				"north": {"uv": [12, 12, 6, 15], "texture": "#1"},
				"east": {"uv": [0, 12, 6, 15], "texture": "#1"},
				"south": {"uv": [6, 9, 0, 12], "texture": "#1"},
				"west": {"uv": [6, 12, 0, 15], "texture": "#1"}
			}
		}
	]
}