{
	"credit": "Made with Blockbench",
	"parent": "block/block",
	"textures": {
		"0": "eidolon:block/wooden_podium_base",
		"1": "eidolon:block/wooden_podium_top",
		"particle": "eidolon:block/wooden_podium_base"
	},
	"elements": [
		{
			"from": [3, 0, 8],
			"to": [13, 4.25, 13],
			"rotation": {"angle": 0, "axis": "y", "origin": [11, 8, 11]},
			"faces": {
				"north": {"uv": [0, 0, 10, 4], "texture": "#0"},
				"east": {"uv": [0, 0, 5, 4], "texture": "#0"},
				"south": {"uv": [0, 0, 10, 4], "texture": "#0"},
				"west": {"uv": [5, 0, 10, 4], "texture": "#0"},
				"up": {"uv": [0, 4, 10, 9], "texture": "#0"},
				"down": {"uv": [0, 4, 10, 9], "texture": "#0"}
			}
		},
		{
			"from": [3, 0, 3],
			"to": [13, 2, 8],
			"rotation": {"angle": 0, "axis": "y", "origin": [11, 8, 6]},
			"faces": {
				"north": {"uv": [0, 0, 10, 2], "texture": "#0"},
				"east": {"uv": [5, 0, 10, 2], "texture": "#0"},
				"south": {"uv": [0, 0, 10, 2], "texture": "#0"},
				"west": {"uv": [0, 0, 5, 2], "texture": "#0"},
				"up": {"uv": [0, 9, 10, 14], "texture": "#0"},
				"down": {"uv": [0, 9, 10, 14], "texture": "#0"}
			}
		},
		{
			"from": [2, 0, 3],
			"to": [14, 2, 15],
			"rotation": {"angle": -22.5, "axis": "x", "origin": [8, 0, 3]},
			"faces": {
				"north": {"uv": [0, 12, 12, 14], "texture": "#1"},
				"east": {"uv": [0, 12, 12, 14], "texture": "#1"},
				"south": {"uv": [0, 12, 12, 14], "texture": "#1"},
				"west": {"uv": [0, 12, 12, 14], "texture": "#1"},
				"up": {"uv": [0, 0, 12, 12], "rotation": 180, "texture": "#1"},
				"down": {"uv": [0, 0, 12, 12], "texture": "#1"}
			}
		}
	]
}