{
	"credit": "Made with Blockbench",
	"parent": "block/block",
	"textures": {
		"0": "eidolon:block/worktable_bottom",
		"1": "eidolon:block/worktable_side",
		"2": "eidolon:block/worktable_top",
		"3": "eidolon:block/worktable_mid",
		"4": "eidolon:block/worktable_detail",
		"particle": "eidolon:block/worktable_bottom"
	},
	"elements": [
		{
			"from": [0, 10, 0],
			"to": [16, 16, 16],
			"rotation": {"angle": 0, "axis": "y", "origin": [8, 13, 8]},
			"faces": {
				"north": {"uv": [0, 0, 16, 6], "texture": "#1"},
				"east": {"uv": [0, 0, 16, 6], "texture": "#1"},
				"south": {"uv": [0, 0, 16, 6], "texture": "#1"},
				"west": {"uv": [0, 0, 16, 6], "texture": "#1"},
				"up": {"uv": [0, 0, 16, 16], "texture": "#2"},
				"down": {"uv": [0, 0, 16, 16], "texture": "#0"}
			}
		},
		{
			"from": [2, 4, 2],
			"to": [6, 10, 6],
			"rotation": {"angle": 0, "axis": "y", "origin": [10, 12, 10]},
			"faces": {
				"north": {"uv": [2, 6, 6, 12], "texture": "#1"},
				"east": {"uv": [2, 6, 6, 12], "texture": "#1"},
				"south": {"uv": [2, 6, 6, 12], "texture": "#1"},
				"west": {"uv": [2, 6, 6, 12], "texture": "#1"}
			}
		},
		{
			"from": [10, 4, 2],
			"to": [14, 10, 6],
			"rotation": {"angle": 0, "axis": "y", "origin": [6, 12, 10]},
			"faces": {
				"north": {"uv": [6, 6, 2, 12], "texture": "#1"},
				"east": {"uv": [6, 6, 2, 12], "texture": "#1"},
				"south": {"uv": [6, 6, 2, 12], "texture": "#1"},
				"west": {"uv": [6, 6, 2, 12], "texture": "#1"}
			}
		},
		{
			"from": [2, 4, 10],
			"to": [6, 10, 14],
			"rotation": {"angle": 0, "axis": "y", "origin": [10, 12, 6]},
			"faces": {
				"north": {"uv": [6, 6, 2, 12], "texture": "#1"},
				"east": {"uv": [6, 6, 2, 12], "texture": "#1"},
				"south": {"uv": [6, 6, 2, 12], "texture": "#1"},
				"west": {"uv": [6, 6, 2, 12], "texture": "#1"}
			}
		},
		{
			"from": [10, 4, 10],
			"to": [14, 10, 14],
			"rotation": {"angle": 0, "axis": "y", "origin": [6, 12, 6]},
			"faces": {
				"north": {"uv": [2, 6, 6, 12], "texture": "#1"},
				"east": {"uv": [2, 6, 6, 12], "texture": "#1"},
				"south": {"uv": [2, 6, 6, 12], "texture": "#1"},
				"west": {"uv": [2, 6, 6, 12], "texture": "#1"}
			}
		},
		{
			"from": [0, 0, 0],
			"to": [16, 4, 16],
			"rotation": {"angle": 0, "axis": "y", "origin": [8, 3, 8]},
			"faces": {
				"north": {"uv": [0, 12, 16, 16], "texture": "#1"},
				"east": {"uv": [0, 12, 16, 16], "texture": "#1"},
				"south": {"uv": [0, 12, 16, 16], "texture": "#1"},
				"west": {"uv": [0, 12, 16, 16], "texture": "#1"},
				"up": {"uv": [0, 0, 16, 16], "texture": "#3"},
				"down": {"uv": [0, 0, 16, 16], "texture": "#0"}
			}
		},
		{
			"from": [1, 7, 1],
			"to": [7, 9, 7],
			"rotation": {"angle": 0, "axis": "y", "origin": [9, 15, 9]},
			"faces": {
				"north": {"uv": [0, 0, 6, 2], "texture": "#4"},
				"east": {"uv": [0, 0, 6, 2], "texture": "#4"},
				"south": {"uv": [0, 0, 6, 2], "texture": "#4"},
				"west": {"uv": [0, 0, 6, 2], "texture": "#4"},
				"up": {"uv": [0, 8, 6, 14], "texture": "#4"},
				"down": {"uv": [0, 2, 6, 8], "texture": "#4"}
			}
		},
		{
			"from": [9, 7, 1],
			"to": [15, 9, 7],
			"rotation": {"angle": 0, "axis": "y", "origin": [17, 15, 9]},
			"faces": {
				"north": {"uv": [0, 0, 6, 2], "texture": "#4"},
				"east": {"uv": [0, 0, 6, 2], "texture": "#4"},
				"south": {"uv": [0, 0, 6, 2], "texture": "#4"},
				"west": {"uv": [0, 0, 6, 2], "texture": "#4"},
				"up": {"uv": [0, 8, 6, 14], "texture": "#4"},
				"down": {"uv": [0, 2, 6, 8], "texture": "#4"}
			}
		},
		{
			"from": [9, 7, 9],
			"to": [15, 9, 15],
			"rotation": {"angle": 0, "axis": "y", "origin": [17, 15, 17]},
			"faces": {
				"north": {"uv": [0, 0, 6, 2], "texture": "#4"},
				"east": {"uv": [0, 0, 6, 2], "texture": "#4"},
				"south": {"uv": [0, 0, 6, 2], "texture": "#4"},
				"west": {"uv": [0, 0, 6, 2], "texture": "#4"},
				"up": {"uv": [0, 8, 6, 14], "texture": "#4"},
				"down": {"uv": [0, 2, 6, 8], "texture": "#4"}
			}
		},
		{
			"from": [1, 7, 9],
			"to": [7, 9, 15],
			"rotation": {"angle": 0, "axis": "y", "origin": [9, 15, 17]},
			"faces": {
				"north": {"uv": [0, 0, 6, 2], "texture": "#4"},
				"east": {"uv": [0, 0, 6, 2], "texture": "#4"},
				"south": {"uv": [0, 0, 6, 2], "texture": "#4"},
				"west": {"uv": [0, 0, 6, 2], "texture": "#4"},
				"up": {"uv": [0, 8, 6, 14], "texture": "#4"},
				"down": {"uv": [0, 2, 6, 8], "texture": "#4"}
			}
		}
	]
}