{
	"credit": "Made with Blockbench",
	"parent": "minecraft:block/block",
	"textures": {
		"0": "eidolon:block/aludel_parts",
		"1": "eidolon:block/aludel_power",
		"2": "eidolon:block/aludel_side",
		"3": "eidolon:block/aludel_front",
		"4": "eidolon:block/aludel_jar_side",
		"5": "eidolon:block/aludel_jar_top",
		"particle": "eidolon:block/aludel_parts"
	},
	"elements": [
		{
			"from": [0, 0, 0],
			"to": [16, 16, 4],
			"faces": {
				"north": {"uv": [0, 0, 16, 16], "texture": "#1"},
				"east": {"uv": [12, 0, 16, 16], "texture": "#2"},
				"south": {"uv": [0, 0, 16, 16], "texture": "#1"},
				"west": {"uv": [0, 0, 4, 16], "texture": "#2"},
				"up": {"uv": [0, 0, 16, 4], "texture": "#1"},
				"down": {"uv": [0, 16, 16, 12], "texture": "#1"}
			}
		},
		{
			"from": [0, 0, 4],
			"to": [4, 11, 12],
			"faces": {
				"east": {"uv": [4, 5, 12, 16], "texture": "#2"},
				"west": {"uv": [4, 5, 12, 16], "texture": "#2"},
				"up": {"uv": [0, 4, 8, 8], "rotation": 270, "texture": "#0"},
				"down": {"uv": [0, 0, 8, 4], "rotation": 270, "texture": "#0"}
			}
		},
		{
			"from": [12, 0, 4],
			"to": [16, 11, 12],
			"rotation": {"angle": 0, "axis": "y", "origin": [16, 0, 0]},
			"faces": {
				"east": {"uv": [12, 5, 4, 16], "texture": "#2"},
				"west": {"uv": [12, 5, 4, 16], "texture": "#2"},
				"up": {"uv": [0, 8, 8, 4], "rotation": 270, "texture": "#0"},
				"down": {"uv": [0, 4, 8, 0], "rotation": 270, "texture": "#0"}
			}
		},
		{
			"from": [4, 2, 4],
			"to": [12, 16, 12],
			"rotation": {"angle": 0, "axis": "y", "origin": [16, 0, 0]},
			"faces": {
				"east": {"uv": [12, 0, 4, 14], "texture": "#3"},
				"south": {"uv": [12, 0, 4, 14], "texture": "#3"},
				"west": {"uv": [12, 0, 4, 14], "texture": "#3"}
			}
		},
		{
			"from": [4, 0, 12],
			"to": [12, 2, 16],
			"rotation": {"angle": 0, "axis": "y", "origin": [16, 0, 0]},
			"faces": {
				"north": {"uv": [12, 14, 4, 16], "texture": "#3"},
				"south": {"uv": [12, 14, 4, 16], "texture": "#3"},
				"up": {"uv": [0, 0, 8, 4], "rotation": 180, "texture": "#0"},
				"down": {"uv": [0, 0, 8, 4], "texture": "#0"}
			}
		},
		{
			"from": [4, 0, 4],
			"to": [12, 2, 12],
			"rotation": {"angle": 0, "axis": "y", "origin": [16, 0, 0]},
			"faces": {
				"down": {"uv": [8, 0, 16, 8], "texture": "#0"}
			}
		},
		{
			"from": [0, 0, 12],
			"to": [4, 16, 16],
			"faces": {
				"north": {"uv": [0, 0, 4, 16], "texture": "#3"},
				"east": {"uv": [12, 0, 16, 16], "texture": "#2"},
				"south": {"uv": [0, 0, 4, 16], "texture": "#3"},
				"west": {"uv": [12, 0, 16, 16], "texture": "#2"},
				"up": {"uv": [12, 0, 16, 4], "texture": "#2"},
				"down": {"uv": [0, 12, 4, 16], "texture": "#3"}
			}
		},
		{
			"from": [12, 0, 12],
			"to": [16, 16, 16],
			"rotation": {"angle": 0, "axis": "y", "origin": [16, 0, 0]},
			"faces": {
				"north": {"uv": [4, 0, 0, 16], "texture": "#3"},
				"east": {"uv": [16, 0, 12, 16], "texture": "#2"},
				"south": {"uv": [4, 0, 0, 16], "texture": "#3"},
				"west": {"uv": [16, 0, 12, 16], "texture": "#2"},
				"up": {"uv": [16, 0, 12, 4], "texture": "#2"},
				"down": {"uv": [4, 12, 0, 16], "texture": "#3"}
			}
		},
		{
			"from": [2, 22, 2],
			"to": [14, 30, 14],
			"faces": {
				"north": {"uv": [0, 0, 12, 8], "texture": "#4"},
				"east": {"uv": [0, 0, 12, 8], "texture": "#4"},
				"south": {"uv": [0, 0, 12, 8], "texture": "#4"},
				"west": {"uv": [0, 0, 12, 8], "texture": "#4"},
				"up": {"uv": [0, 0, 12, 12], "texture": "#5"},
				"down": {"uv": [0, 0, 12, 12], "texture": "#5"}
			}
		},
		{
			"from": [4, 30, 4],
			"to": [12, 32, 12],
			"faces": {
				"north": {"uv": [8, 8, 16, 10], "texture": "#4"},
				"east": {"uv": [8, 8, 16, 10], "texture": "#4"},
				"south": {"uv": [8, 8, 16, 10], "texture": "#4"},
				"west": {"uv": [8, 8, 16, 10], "texture": "#4"},
				"up": {"uv": [0, 8, 8, 16], "texture": "#4"}
			}
		},
		{
			"from": [0, 20, 11.99],
			"to": [4, 26, 15.99],
			"rotation": {"angle": -22.5, "axis": "z", "origin": [0, 20, 13.99]},
			"faces": {
				"north": {"uv": [1, 8, 7, 12], "rotation": 90, "texture": "#0"},
				"east": {"uv": [1, 0, 7, 4], "rotation": 270, "texture": "#0"},
				"south": {"uv": [7, 8, 1, 12], "rotation": 270, "texture": "#0"},
				"west": {"uv": [1, 0, 7, 4], "rotation": 270, "texture": "#0"},
				"up": {"uv": [2, 8, 6, 12], "rotation": 270, "texture": "#0"},
				"down": {"uv": [2, 8, 6, 12], "rotation": 270, "texture": "#0"}
			}
		},
		{
			"from": [12, 20, 11.99],
			"to": [16, 26, 15.99],
			"rotation": {"angle": 22.5, "axis": "z", "origin": [16, 20, 13.99]},
			"faces": {
				"north": {"uv": [1, 12, 7, 8], "rotation": 90, "texture": "#0"},
				"east": {"uv": [1, 4, 7, 0], "rotation": 270, "texture": "#0"},
				"south": {"uv": [7, 12, 1, 8], "rotation": 270, "texture": "#0"},
				"west": {"uv": [1, 4, 7, 0], "rotation": 270, "texture": "#0"},
				"up": {"uv": [2, 12, 6, 8], "rotation": 270, "texture": "#0"},
				"down": {"uv": [2, 12, 6, 8], "rotation": 270, "texture": "#0"}
			}
		},
		{
			"from": [12, 20, 0.01],
			"to": [16, 26, 4.01],
			"rotation": {"angle": 22.5, "axis": "z", "origin": [16, 20, 2.01]},
			"faces": {
				"north": {"uv": [1, 12, 7, 8], "rotation": 90, "texture": "#0"},
				"east": {"uv": [1, 4, 7, 0], "rotation": 270, "texture": "#0"},
				"south": {"uv": [7, 12, 1, 8], "rotation": 270, "texture": "#0"},
				"west": {"uv": [1, 4, 7, 0], "rotation": 270, "texture": "#0"},
				"up": {"uv": [2, 12, 6, 8], "rotation": 270, "texture": "#0"},
				"down": {"uv": [2, 12, 6, 8], "rotation": 270, "texture": "#0"}
			}
		},
		{
			"from": [0, 20, 0.01],
			"to": [4, 26, 4.01],
			"rotation": {"angle": -22.5, "axis": "z", "origin": [0, 20, 2.01]},
			"faces": {
				"north": {"uv": [1, 8, 7, 12], "rotation": 90, "texture": "#0"},
				"east": {"uv": [1, 0, 7, 4], "rotation": 270, "texture": "#0"},
				"south": {"uv": [7, 8, 1, 12], "rotation": 270, "texture": "#0"},
				"west": {"uv": [1, 0, 7, 4], "rotation": 270, "texture": "#0"},
				"up": {"uv": [2, 8, 6, 12], "rotation": 270, "texture": "#0"},
				"down": {"uv": [2, 8, 6, 12], "rotation": 270, "texture": "#0"}
			}
		}
	]
}