{
	"credit": "Made with Blockbench",
	"textures": {
		"1": "eidolon:block/cabinet_bottom_side",
		"2": "eidolon:block/cabinet_top",
		"3": "eidolon:block/cabinet_top_front",
		"4": "eidolon:block/cabinet_top_side",
		"5": "eidolon:block/cabinet_bottom",
		"particle": "eidolon:block/cabinet_bottom_front"
	},
	"elements": [
		{
			"from": [0, 12, 0],
			"to": [16, 16, 16],
			"faces": {
				"north": {"uv": [0, 0, 16, 4], "texture": "#3"},
				"east": {"uv": [0, 0, 16, 4], "texture": "#4"},
				"south": {"uv": [0, 0, 16, 4], "texture": "#4"},
				"west": {"uv": [0, 0, 16, 4], "texture": "#4"},
				"up": {"uv": [0, 0, 16, 16], "texture": "#2"},
				"down": {"uv": [0, 0, 16, 16], "texture": "#5"}
			}
		},
		{
			"from": [3, 0, 13],
			"to": [13, 12, 16],
			"rotation": {"angle": 0, "axis": "y", "origin": [16, 0, 0]},
			"faces": {
				"north": {"uv": [13, 4, 3, 16], "texture": "#3"},
				"south": {"uv": [13, 4, 3, 16], "texture": "#4"},
				"down": {"uv": [3, 13, 13, 10], "texture": "#1"}
			}
		},
		{
			"from": [0, 0, 0],
			"to": [3, 12, 16],
			"faces": {
				"north": {"uv": [13, 4, 16, 16], "texture": "#3"},
				"east": {"uv": [0, 4, 16, 16], "texture": "#3"},
				"south": {"uv": [0, 4, 3, 16], "texture": "#4"},
				"west": {"uv": [0, 4, 16, 16], "texture": "#4"},
				"down": {"uv": [0, 10, 16, 13], "rotation": 270, "texture": "#1"}
			}
		},
		{
			"from": [13, 0, 0],
			"to": [16, 12, 16],
			"rotation": {"angle": 0, "axis": "y", "origin": [16, 0, 0]},
			"faces": {
				"north": {"uv": [16, 6, 13, 16], "texture": "#3"},
				"east": {"uv": [16, 4, 0, 16], "texture": "#4"},
				"south": {"uv": [3, 4, 0, 16], "texture": "#4"},
				"west": {"uv": [16, 4, 0, 16], "texture": "#3"},
				"down": {"uv": [0, 13, 16, 10], "rotation": 270, "texture": "#1"}
			}
		}
	]
}