{
	"credit": "Made with Blockbench",
	"parent": "block/block",
	"textures": {
		"0": "eidolon:block/candle",
		"particle": "eidolon:block/candle"
	},
	"elements": [
		{
			"from": [6.5, 5, 6.5],
			"to": [9.5, 12, 9.5],
			"rotation": {"angle": 0, "axis": "y", "origin": [14.5, 13, 16.5]},
			"faces": {
				"north": {"uv": [0, 0, 3, 7], "texture": "#0"},
				"east": {"uv": [0, 0, 3, 7], "texture": "#0"},
				"south": {"uv": [0, 0, 3, 7], "texture": "#0"},
				"west": {"uv": [0, 0, 3, 7], "texture": "#0"},
				"up": {"uv": [6, 0, 9, 3], "texture": "#0"},
				"down": {"uv": [3, 0, 6, 3], "texture": "#0"}
			}
		},
		{
			"from": [7.5, 12, 7.5],
			"to": [8.5, 13, 8.5],
			"rotation": {"angle": 0, "axis": "y", "origin": [15.5, 20, 15.5]},
			"faces": {
				"north": {"uv": [9, 0, 10, 1], "texture": "#0"},
				"east": {"uv": [9, 0, 10, 1], "texture": "#0"},
				"south": {"uv": [9, 0, 10, 1], "texture": "#0"},
				"west": {"uv": [9, 0, 10, 1], "texture": "#0"},
				"up": {"uv": [9, 0, 10, 1], "texture": "#0"},
				"down": {"uv": [9, 0, 10, 1], "texture": "#0"}
			}
		},
		{
			"from": [6, 3, 6],
			"to": [10, 5, 10],
			"rotation": {"angle": 0, "axis": "y", "origin": [14, 12, 14]},
			"faces": {
				"north": {"uv": [0, 7, 4, 9], "texture": "#0"},
				"east": {"uv": [0, 7, 4, 9], "texture": "#0"},
				"south": {"uv": [0, 7, 4, 9], "texture": "#0"},
				"west": {"uv": [0, 7, 4, 9], "texture": "#0"},
				"up": {"uv": [0, 12, 4, 16], "texture": "#0"},
				"down": {"uv": [4, 12, 8, 16], "texture": "#0"}
			}
		},
		{
			"from": [7, 1, 7],
			"to": [9, 3, 9],
			"rotation": {"angle": 0, "axis": "y", "origin": [14, 10, 14]},
			"faces": {
				"north": {"uv": [1, 9, 3, 11], "texture": "#0"},
				"east": {"uv": [1, 9, 3, 11], "texture": "#0"},
				"south": {"uv": [1, 9, 3, 11], "texture": "#0"},
				"west": {"uv": [1, 9, 3, 11], "texture": "#0"}
			}
		},
		{
			"from": [6.5, 0, 6.5],
			"to": [9.5, 1, 9.5],
			"rotation": {"angle": 0, "axis": "y", "origin": [14.5, 8, 16.5]},
			"faces": {
				"north": {"uv": [0, 11, 3, 12], "texture": "#0"},
				"east": {"uv": [0, 11, 3, 12], "texture": "#0"},
				"south": {"uv": [0, 11, 3, 12], "texture": "#0"},
				"west": {"uv": [0, 11, 3, 12], "texture": "#0"},
				"up": {"uv": [3, 9, 6, 12], "texture": "#0"},
				"down": {"uv": [3, 9, 6, 12], "texture": "#0"}
			}
		}
	]
}