{
	"credit": "Made with Blockbench",
	"parent": "block/block",
	"textures": {
		"0": "eidolon:block/candle",
		"particle": "eidolon:block/candle"
	},
	"elements": [
		{
			"from": [6.5, 0, 6.5],
			"to": [9.5, 7, 9.5],
			"rotation": {"angle": 0, "axis": "y", "origin": [14.5, 8, 16.5]},
			"faces": {
				"north": {"uv": [0, 0, 3, 7], "texture": "#0"},
				"east": {"uv": [0, 0, 3, 7], "texture": "#0"},
				"south": {"uv": [0, 0, 3, 7], "texture": "#0"},
				"west": {"uv": [0, 0, 3, 7], "texture": "#0"},
				"up": {"uv": [6, 0, 9, 3], "texture": "#0"},
				"down": {"uv": [3, 0, 6, 3], "texture": "#0"}
			}
		},
		{
			"from": [7.5, 7, 7.5],
			"to": [8.5, 8, 8.5],
			"rotation": {"angle": 0, "axis": "y", "origin": [15.5, 15, 15.5]},
			"faces": {
				"north": {"uv": [9, 0, 10, 1], "texture": "#0"},
				"east": {"uv": [9, 0, 10, 1], "texture": "#0"},
				"south": {"uv": [9, 0, 10, 1], "texture": "#0"},
				"west": {"uv": [9, 0, 10, 1], "texture": "#0"},
				"up": {"uv": [9, 0, 10, 1], "texture": "#0"},
				"down": {"uv": [9, 0, 10, 1], "texture": "#0"}
			}
		}
	]
}