{
  "credit": "Made with Blockbench",
  "render_type": "cutout_mipped",
  "parent": "block/block",
  "textures": {
    "0": "eidolon:block/censer",
    "1": "eidolon:block/censer_cage",
    "particle": "eidolon:block/censer"
  },
  "elements": [
    {
      "from": [
        5.5,
        1,
        5.5
      ],
      "to": [
        10.5,
        3,
        10.5
      ],
			"rotation": {"angle": 0, "axis": "y", "origin": [17.5, 9, 15.5]},
			"faces": {
				"north": {"uv": [11, 5, 16, 7], "texture": "#0"},
				"east": {"uv": [11, 5, 16, 7], "texture": "#0"},
				"south": {"uv": [11, 5, 16, 7], "texture": "#0"},
				"west": {"uv": [11, 5, 16, 7], "texture": "#0"},
				"up": {"uv": [11, 0, 16, 5], "texture": "#0"},
				"down": {"uv": [11, 7, 16, 12], "texture": "#0"}
			}
		},
		{
			"from": [5.5, 10, 5.5],
			"to": [10.5, 11, 10.5],
			"rotation": {"angle": 0, "axis": "y", "origin": [17.5, 18, 15.5]},
			"faces": {
				"north": {"uv": [11, 5, 16, 6], "texture": "#0"},
				"east": {"uv": [11, 5, 16, 6], "texture": "#0"},
				"south": {"uv": [11, 5, 16, 6], "texture": "#0"},
				"west": {"uv": [11, 5, 16, 6], "texture": "#0"},
				"up": {"uv": [6, 1, 11, 6], "texture": "#0"},
				"down": {"uv": [11, 0, 16, 5], "texture": "#0"}
			}
		},
		{
			"from": [5, 10, 5],
			"to": [11, 11, 11],
			"rotation": {"angle": -22.5, "axis": "z", "origin": [11, 11, 8]},
			"faces": {
				"north": {"uv": [0, 6, 6, 7], "rotation": 180, "texture": "#0"},
				"east": {"uv": [0, 7, 1, 13], "rotation": 90, "texture": "#0"},
				"south": {"uv": [0, 6, 6, 7], "texture": "#0"},
				"west": {"uv": [5, 0, 6, 6], "rotation": 90, "texture": "#0"},
				"up": {"uv": [0, 0, 6, 6], "rotation": 180, "texture": "#0"},
				"down": {"uv": [0, 7, 6, 13], "rotation": 180, "texture": "#0"}
			}
		},
		{
			"from": [4.5, 3, 4.5],
			"to": [11.5, 10, 11.5],
			"rotation": {"angle": 0, "axis": "y", "origin": [17.5, 11, 15.5]},
			"faces": {
				"north": {"uv": [0, 0, 7, 7], "texture": "#1"},
				"east": {"uv": [0, 0, 7, 7], "texture": "#1"},
				"south": {"uv": [0, 0, 7, 7], "texture": "#1"},
				"west": {"uv": [0, 0, 7, 7], "texture": "#1"},
				"up": {"uv": [7, 0, 14, 7], "texture": "#1"},
				"down": {"uv": [0, 7, 7, 14], "texture": "#1"}
			}
		},
		{
			"from": [11.5, 3, 4.5],
			"to": [4.5, 10, 11.5],
			"rotation": {"angle": 0, "axis": "y", "origin": [24.5, 11, 15.5]},
			"faces": {
				"north": {"uv": [0, 0, 7, 7], "texture": "#1"},
				"east": {"uv": [0, 0, 7, 7], "texture": "#1"},
				"south": {"uv": [0, 0, 7, 7], "texture": "#1"},
				"west": {"uv": [0, 0, 7, 7], "texture": "#1"},
				"up": {"uv": [7, 0, 14, 7], "texture": "#1"},
				"down": {"uv": [0, 7, 7, 14], "texture": "#1"}
			}
		},
		{
			"from": [7.5, 0, 4.75],
			"to": [8.5, 2, 5.75],
			"rotation": {"angle": 22.5, "axis": "x", "origin": [8, 0, 4.75]},
			"faces": {
				"north": {"uv": [11, 12, 12, 14], "texture": "#0"},
				"east": {"uv": [11, 12, 12, 14], "texture": "#0"},
				"south": {"uv": [11, 12, 12, 14], "texture": "#0"},
				"west": {"uv": [11, 12, 12, 14], "texture": "#0"},
				"up": {"uv": [11, 12, 12, 13], "texture": "#0"},
				"down": {"uv": [11, 13, 12, 14], "texture": "#0"}
			}
		},
		{
			"from": [7.5, 0, 10.25],
			"to": [8.5, 2, 11.25],
			"rotation": {"angle": -22.5, "axis": "x", "origin": [8, 0, 11.25]},
			"faces": {
				"north": {"uv": [11, 12, 12, 14], "texture": "#0"},
				"east": {"uv": [11, 12, 12, 14], "texture": "#0"},
				"south": {"uv": [11, 12, 12, 14], "texture": "#0"},
				"west": {"uv": [11, 12, 12, 14], "texture": "#0"},
				"up": {"uv": [11, 12, 12, 13], "rotation": 180, "texture": "#0"},
				"down": {"uv": [11, 13, 12, 14], "rotation": 180, "texture": "#0"}
			}
		},
		{
			"from": [10.25, 0, 7.5],
			"to": [11.25, 2, 8.5],
			"rotation": {"angle": 22.5, "axis": "z", "origin": [11.25, 0, 8]},
			"faces": {
				"north": {"uv": [11, 12, 12, 14], "texture": "#0"},
				"east": {"uv": [11, 12, 12, 14], "texture": "#0"},
				"south": {"uv": [11, 12, 12, 14], "texture": "#0"},
				"west": {"uv": [11, 12, 12, 14], "texture": "#0"},
				"up": {"uv": [11, 12, 12, 13], "rotation": 90, "texture": "#0"},
				"down": {"uv": [11, 13, 12, 14], "rotation": 270, "texture": "#0"}
			}
		},
		{
			"from": [4.75, 0, 7.5],
			"to": [5.75, 2, 8.5],
			"rotation": {"angle": -22.5, "axis": "z", "origin": [4.75, 0, 8]},
			"faces": {
				"north": {"uv": [11, 12, 12, 14], "texture": "#0"},
				"east": {"uv": [11, 12, 12, 14], "texture": "#0"},
				"south": {"uv": [11, 12, 12, 14], "texture": "#0"},
				"west": {"uv": [11, 12, 12, 14], "texture": "#0"},
				"up": {"uv": [11, 12, 12, 13], "rotation": 270, "texture": "#0"},
				"down": {"uv": [11, 13, 12, 14], "rotation": 90, "texture": "#0"}
			}
		},
		{
			"from": [6, 11, 6],
			"to": [7, 12, 7],
			"rotation": {"angle": 0, "axis": "y", "origin": [14, 19, 14]},
			"faces": {
				"north": {"uv": [10, 0, 11, 1], "texture": "#0"},
				"east": {"uv": [10, 0, 11, 1], "texture": "#0"},
				"south": {"uv": [10, 0, 11, 1], "texture": "#0"},
				"west": {"uv": [10, 0, 11, 1], "texture": "#0"},
				"up": {"uv": [10, 0, 11, 1], "texture": "#0"},
				"down": {"uv": [10, 0, 11, 1], "texture": "#0"}
			}
		},
		{
			"from": [6, 11, 9],
			"to": [7, 12, 10],
			"rotation": {"angle": 0, "axis": "y", "origin": [14, 19, 17]},
			"faces": {
				"north": {"uv": [10, 0, 11, 1], "texture": "#0"},
				"east": {"uv": [10, 0, 11, 1], "texture": "#0"},
				"south": {"uv": [10, 0, 11, 1], "texture": "#0"},
				"west": {"uv": [10, 0, 11, 1], "texture": "#0"},
				"up": {"uv": [10, 0, 11, 1], "texture": "#0"},
				"down": {"uv": [10, 0, 11, 1], "texture": "#0"}
			}
		}
	]
}