{
	"credit": "Made with Blockbench",
	"parent": "block/block",
	"textures": {
		"0": "eidolon:block/coalfired_engine_bottom",
		"1": "eidolon:block/coalfired_engine_on",
		"2": "eidolon:block/coalfired_engine_parts",
		"3": "eidolon:block/coalfired_engine_side",
		"4": "eidolon:block/coalfired_engine_top",
		"particle": "eidolon:block/coalfired_engine_bottom"
	},
	"elements": [
		{
			"from": [1, 2, 0],
			"to": [15, 14, 14],
			"rotation": {"angle": 0, "axis": "y", "origin": [22, 10, 8]},
			"faces": {
				"north": {"uv": [0, 0, 14, 12], "texture": "#1"},
				"east": {"uv": [0, 0, 14, 12], "texture": "#3"},
				"south": {"uv": [0, 0, 14, 12], "texture": "#3"},
				"west": {"uv": [0, 0, 14, 12], "texture": "#3"},
				"up": {"uv": [0, 0, 14, 14], "rotation": 180, "texture": "#4"},
				"down": {"uv": [0, 0, 14, 14], "texture": "#0"}
			}
		},
		{
			"from": [4, 4, 14],
			"to": [12, 12, 16],
			"rotation": {"angle": 0, "axis": "y", "origin": [12, 12, 23]},
			"faces": {
				"east": {"uv": [8, 7, 6, 15], "texture": "#2"},
				"south": {"uv": [8, 7, 16, 15], "texture": "#2"},
				"west": {"uv": [6, 7, 8, 15], "texture": "#2"},
				"up": {"uv": [8, 5, 16, 7], "texture": "#2"},
				"down": {"uv": [8, 3, 16, 5], "texture": "#2"}
			}
		},
		{
			"from": [5, 14, 8],
			"to": [11, 16, 14],
			"rotation": {"angle": 0, "axis": "y", "origin": [18, 22, 16]},
			"faces": {
				"north": {"uv": [0, 6, 6, 8], "texture": "#2"},
				"east": {"uv": [0, 6, 6, 8], "texture": "#2"},
				"south": {"uv": [0, 6, 6, 8], "texture": "#2"},
				"west": {"uv": [0, 6, 6, 8], "texture": "#2"},
				"up": {"uv": [0, 0, 6, 6], "texture": "#2"}
			}
		},
		{
			"from": [5, 14, 0],
			"to": [11, 16, 6],
			"rotation": {"angle": 0, "axis": "y", "origin": [18, 22, 8]},
			"faces": {
				"north": {"uv": [0, 6, 6, 8], "texture": "#2"},
				"east": {"uv": [0, 6, 6, 8], "texture": "#2"},
				"south": {"uv": [0, 6, 6, 8], "texture": "#2"},
				"west": {"uv": [0, 6, 6, 8], "texture": "#2"},
				"up": {"uv": [0, 0, 6, 6], "texture": "#2"}
			}
		},
		{
			"from": [2, 0, 2],
			"to": [4, 3, 4],
			"rotation": {"angle": -22.5, "axis": "z", "origin": [2, 0, 3]},
			"faces": {
				"north": {"uv": [2, 8, 0, 11], "texture": "#2"},
				"east": {"uv": [4, 8, 6, 11], "texture": "#2"},
				"south": {"uv": [0, 8, 2, 11], "texture": "#2"},
				"west": {"uv": [4, 8, 6, 11], "texture": "#2"},
				"up": {"uv": [2, 8, 4, 10], "texture": "#2"},
				"down": {"uv": [2, 8, 4, 10], "texture": "#2"}
			}
		},
		{
			"from": [2, 0, 10],
			"to": [4, 3, 12],
			"rotation": {"angle": -22.5, "axis": "z", "origin": [2, 0, 11]},
			"faces": {
				"north": {"uv": [2, 8, 0, 11], "texture": "#2"},
				"east": {"uv": [4, 8, 6, 11], "texture": "#2"},
				"south": {"uv": [0, 8, 2, 11], "texture": "#2"},
				"west": {"uv": [4, 8, 6, 11], "texture": "#2"},
				"up": {"uv": [2, 8, 4, 10], "texture": "#2"},
				"down": {"uv": [2, 8, 4, 10], "texture": "#2"}
			}
		},
		{
			"from": [12, 0, 2],
			"to": [14, 3, 4],
			"rotation": {"angle": 22.5, "axis": "z", "origin": [14, 0, 3]},
			"faces": {
				"north": {"uv": [0, 8, 2, 11], "texture": "#2"},
				"east": {"uv": [6, 8, 4, 11], "texture": "#2"},
				"south": {"uv": [2, 8, 0, 11], "texture": "#2"},
				"west": {"uv": [6, 8, 4, 11], "texture": "#2"},
				"up": {"uv": [4, 8, 2, 10], "texture": "#2"},
				"down": {"uv": [4, 8, 2, 10], "texture": "#2"}
			}
		},
		{
			"from": [12, 0, 10],
			"to": [14, 3, 12],
			"rotation": {"angle": 22.5, "axis": "z", "origin": [14, 0, 11]},
			"faces": {
				"north": {"uv": [0, 8, 2, 11], "texture": "#2"},
				"east": {"uv": [6, 8, 4, 11], "texture": "#2"},
				"south": {"uv": [2, 8, 0, 11], "texture": "#2"},
				"west": {"uv": [6, 8, 4, 11], "texture": "#2"},
				"up": {"uv": [4, 8, 2, 10], "texture": "#2"},
				"down": {"uv": [4, 8, 2, 10], "texture": "#2"}
			}
		}
	]
}