{
  "ambientocclusion": false,
  "render_type": "cutout_mipped",
  "textures": {
    "particle": "eidolon:block/enchanted_ash_dot",
    "line": "eidolon:block/enchanted_ash_line0"
  },
  "elements": [
    {
      "from": [
        0,
        0,
        0.25
      ],
      "to": [
        16,
        16,
        0.25
      ],
      "shade": false,
      "faces": {
        "south": {
          "uv": [
            0,
            0,
            16,
            16
          ],
          "texture": "#line",
          "tintindex": 0
        },
                "north": { "uv": [ 16, 0, 0, 16 ], "texture": "#line", "tintindex": 0 }
            }
        }
    ]
}
