{
  "ambientocclusion": false,
  "render_type": "cutout_mipped",
  "textures": {
    "particle": "eidolon:block/enchanted_ash_dot",
    "line": "eidolon:block/enchanted_ash_dot"
  },
  "elements": [
    {
      "from": [
        0,
        0.249,
        0
      ],
      "to": [
        16,
        0.251,
        16
      ],
      "shade": false,
      "faces": {
        "up": {
          "uv": [
            0,
            0,
            16,
            16
          ],
          "texture": "#line",
          "tintindex": 0
        },
                "down": { "uv": [ 0, 16, 16, 0 ], "texture": "#line", "tintindex": 0 }
            }
        }
    ]
}
