{
	"credit": "Made with Blockbench",
	"parent": "block/block",
	"textures": {
		"0": "eidolon:block/glass_tube",
		"particle": "eidolon:block/glass_tube"
	},
	"elements": [
		{
			"from": [6, 0, 6],
			"to": [10, 6, 10],
			"faces": {
				"north": {"uv": [10, 6, 16, 10], "rotation": 90, "texture": "#0"},
				"east": {"uv": [6, 0, 10, 6], "rotation": 180, "texture": "#0"},
				"south": {"uv": [10, 6, 16, 10], "rotation": 90, "texture": "#0"},
				"west": {"uv": [6, 0, 10, 6], "rotation": 180, "texture": "#0"}
			}
		}
	]
}