{
  "credit": "Made with Blockbench",
  "parent": "block/block",
  "render_type": "cutout_mipped",
  "textures": {
    "0": "eidolon:block/goblet",
    "particle": "eidolon:block/goblet"
  },
  "elements": [
    {
      "from": [
        6,
        0,
        6
      ],
      "to": [
        10,
        1,
        10
      ],
      "rotation": {
        "angle": 0,
        "axis": "y",
        "origin": [
          17,
          8,
          17
        ]
      },
      "faces": {
				"north": {"uv": [0, 13, 4, 14], "texture": "#0"},
				"east": {"uv": [0, 13, 4, 14], "texture": "#0"},
				"south": {"uv": [0, 13, 4, 14], "texture": "#0"},
				"west": {"uv": [0, 13, 4, 14], "texture": "#0"},
				"up": {"uv": [0, 5, 4, 9], "texture": "#0"},
				"down": {"uv": [0, 9, 4, 13], "texture": "#0"}
			}
		},
		{
			"from": [7.5, 1, 7.5],
			"to": [8.5, 3, 8.5],
			"rotation": {"angle": 0, "axis": "y", "origin": [15.5, 9, 15.5]},
			"faces": {
				"north": {"uv": [6, 5, 7, 7], "texture": "#0"},
				"east": {"uv": [6, 5, 7, 7], "texture": "#0"},
				"south": {"uv": [6, 5, 7, 7], "texture": "#0"},
				"west": {"uv": [6, 5, 7, 7], "texture": "#0"}
			}
		},
		{
			"from": [5.5, 3, 5.5],
			"to": [10.5, 7, 10.5],
			"rotation": {"angle": 0, "axis": "y", "origin": [17.5, 11, 17.5]},
			"faces": {
				"north": {"uv": [0, 1, 5, 5], "texture": "#0"},
				"east": {"uv": [0, 1, 5, 5], "texture": "#0"},
				"south": {"uv": [0, 1, 5, 5], "texture": "#0"},
				"west": {"uv": [0, 1, 5, 5], "texture": "#0"},
				"down": {"uv": [5, 0, 10, 5], "texture": "#0"}
			}
		},
		{
			"from": [5.5, 3, 10.5],
			"to": [10.5, 7, 5.5],
			"rotation": {"angle": 0, "axis": "y", "origin": [17.5, 11, 22.5]},
			"faces": {
				"north": {"uv": [0, 1, 5, 5], "texture": "#0"},
				"east": {"uv": [0, 1, 5, 5], "texture": "#0"},
				"south": {"uv": [0, 1, 5, 5], "texture": "#0"},
				"west": {"uv": [0, 1, 5, 5], "texture": "#0"},
				"down": {"uv": [5, 0, 10, 5], "texture": "#0"}
			}
		},
		{
			"from": [5, 7, 5],
			"to": [11, 8, 11],
			"rotation": {"angle": 0, "axis": "y", "origin": [18, 15, 13]},
			"faces": {
				"north": {"uv": [10, 0, 16, 1], "texture": "#0"},
				"east": {"uv": [15, 0, 16, 6], "rotation": 270, "texture": "#0"},
				"south": {"uv": [10, 5, 16, 6], "texture": "#0"},
				"west": {"uv": [10, 0, 11, 6], "rotation": 90, "texture": "#0"},
				"up": {"uv": [10, 0, 16, 6], "texture": "#0"},
				"down": {"uv": [10, 0, 16, 6], "texture": "#0"}
			}
		},
		{
			"from": [6, 7, 10],
			"to": [10, 8, 6],
			"rotation": {"angle": 0, "axis": "y", "origin": [19, 15, 18]},
			"faces": {
				"north": {"uv": [11, 0, 15, 1], "texture": "#0"},
				"east": {"uv": [15, 1, 16, 5], "rotation": 270, "texture": "#0"},
				"south": {"uv": [11, 5, 15, 6], "texture": "#0"},
				"west": {"uv": [10, 1, 11, 5], "rotation": 90, "texture": "#0"}
			}
		}
	]
}