{
	"credit": "Made with Blockbench",
	"parent": "block/block",
	"textures": {
		"0": "eidolon:block/magic_candle",
		"particle": "eidolon:block/magic_candle"
	},
	"elements": [
		{
			"from": [6.5, 7, 1.5],
			"to": [9.5, 14, 4.5],
			"rotation": {"angle": 0, "axis": "y", "origin": [14.5, 15, 11.5]},
			"faces": {
				"north": {"uv": [0, 0, 3, 7], "texture": "#0"},
				"east": {"uv": [0, 0, 3, 7], "texture": "#0"},
				"south": {"uv": [0, 0, 3, 7], "texture": "#0"},
				"west": {"uv": [0, 0, 3, 7], "texture": "#0"},
				"up": {"uv": [6, 0, 9, 3], "texture": "#0"},
				"down": {"uv": [3, 0, 6, 3], "texture": "#0"}
			}
		},
		{
			"from": [7.5, 14, 2.5],
			"to": [8.5, 15, 3.5],
			"rotation": {"angle": 0, "axis": "y", "origin": [15.5, 22, 10.5]},
			"faces": {
				"north": {"uv": [9, 0, 10, 1], "texture": "#0"},
				"east": {"uv": [9, 0, 10, 1], "texture": "#0"},
				"south": {"uv": [9, 0, 10, 1], "texture": "#0"},
				"west": {"uv": [9, 0, 10, 1], "texture": "#0"},
				"up": {"uv": [9, 0, 10, 1], "texture": "#0"},
				"down": {"uv": [9, 0, 10, 1], "texture": "#0"}
			}
		},
		{
			"from": [6, 5, 1],
			"to": [10, 7, 5],
			"rotation": {"angle": 0, "axis": "y", "origin": [14, 14, 9]},
			"faces": {
				"north": {"uv": [0, 7, 4, 9], "texture": "#0"},
				"east": {"uv": [0, 7, 4, 9], "texture": "#0"},
				"south": {"uv": [0, 7, 4, 9], "texture": "#0"},
				"west": {"uv": [0, 7, 4, 9], "texture": "#0"},
				"up": {"uv": [0, 12, 4, 16], "texture": "#0"},
				"down": {"uv": [4, 12, 8, 16], "texture": "#0"}
			}
		},
		{
			"from": [7, 3, 2],
			"to": [9, 5, 4],
			"rotation": {"angle": 0, "axis": "y", "origin": [14, 14, 9]},
			"faces": {
				"north": {"uv": [8, 10, 10, 12], "texture": "#0"},
				"east": {"uv": [6, 10, 8, 12], "texture": "#0"},
				"south": {"uv": [8, 10, 10, 12], "texture": "#0"},
				"west": {"uv": [8, 10, 6, 12], "texture": "#0"},
				"down": {"uv": [1, 9, 3, 11], "texture": "#0"}
			}
		},
		{
			"from": [7, 3, 1],
			"to": [9, 5, 2],
			"rotation": {"angle": 0, "axis": "y", "origin": [14, 14, 8]},
			"faces": {
				"east": {"uv": [3, 9, 2, 11], "texture": "#0"},
				"west": {"uv": [3, 9, 2, 11], "texture": "#0"},
				"up": {"uv": [3, 9, 1, 10], "texture": "#0"},
				"down": {"uv": [3, 10, 1, 11], "texture": "#0"}
			}
		},
		{
			"from": [6.5, 2.5, 0],
			"to": [9.5, 5.5, 1],
			"rotation": {"angle": 0, "axis": "y", "origin": [14.5, -4.5, 8]},
			"faces": {
				"north": {"uv": [3, 9, 6, 12], "rotation": 180, "texture": "#0"},
				"east": {"uv": [0, 11, 3, 12], "rotation": 270, "texture": "#0"},
				"south": {"uv": [3, 9, 6, 12], "texture": "#0"},
				"west": {"uv": [0, 11, 3, 12], "rotation": 90, "texture": "#0"},
				"up": {"uv": [0, 11, 3, 12], "rotation": 180, "texture": "#0"},
				"down": {"uv": [0, 11, 3, 12], "texture": "#0"}
			}
		}
	]
}