{
	"credit": "Made with Blockbench",
	"parent": "block/block",
	"textures": {
		"0": "eidolon:block/obelisk_bottom",
		"1": "eidolon:block/obelisk_side_mid",
		"2": "eidolon:block/obelisk_top_mid",
		"particle": "eidolon:block/obelisk_side_mid"
	},
	"elements": [
		{
			"from": [2, 0, 2],
			"to": [14, 16, 14],
			"faces": {
				"north": {"uv": [0, 0, 12, 16], "texture": "#1"},
				"east": {"uv": [0, 0, 12, 16], "texture": "#1"},
				"south": {"uv": [0, 0, 12, 16], "texture": "#1"},
				"west": {"uv": [0, 0, 12, 16], "texture": "#1"},
				"up": {"uv": [0, 0, 12, 12], "texture": "#2"},
				"down": {"uv": [0, 0, 12, 12], "texture": "#0"}
			}
		}
	]
}