{
  "render_type": "cutout_mipped",
  "textures": {
    "particle": "eidolon:block/wooden_brewing_stand",
    "stand": "eidolon:block/wooden_brewing_stand"
  },
  "elements": [
    {
      "from": [
        0,
        0,
        8
      ],
      "to": [
        8,
        16,
        8
      ],
      "rotation": {
        "origin": [
          8,
          8,
          8
        ],
        "axis": "y",
                "angle": -45
            },
            "faces": {
                "north": { "uv": [ 8,  0, 16, 16 ], "texture": "#stand" },
                "south": { "uv": [ 16, 0,  8, 16 ], "texture": "#stand" }
            }
        }
    ]
}
