{
  "render_type": "cutout_mipped",
  "textures": {
    "particle": "eidolon:block/wooden_brewing_stand",
    "base": "eidolon:block/wooden_brewing_stand_base",
    "side": "eidolon:block/wooden_brewing_stand_side",
    "stand": "eidolon:block/wooden_brewing_stand"
  },
  "elements": [
    {
      "from": [
        7,
        0,
        7
      ],
      "to": [
        9,
        14,
        9
      ],
      "faces": {
                "down":  { "uv": [ 7, 7, 9,  9 ], "texture": "#stand" },
                "up":    { "uv": [ 7, 7, 9,  9 ], "texture": "#stand" },
                "north": { "uv": [ 7, 2, 9, 16 ], "texture": "#stand" },
                "south": { "uv": [ 7, 2, 9, 16 ], "texture": "#stand" },
                "west":  { "uv": [ 7, 2, 9, 16 ], "texture": "#stand" },
                "east":  { "uv": [ 7, 2, 9, 16 ], "texture": "#stand" }
            }
        },
        {   "from": [ 0, 0, 0 ],
            "to": [ 16, 2, 16 ],
            "faces": {
                "down":  { "uv": [ 0,  0, 16, 16 ], "texture": "#base", "cullface": "down" },
                "up":    { "uv": [ 0,  0, 16, 16 ], "texture": "#base" },
                "north": { "uv": [ 0, 0, 16, 2 ], "texture": "#side", "cullface": "north" },
                "south": { "uv": [ 0, 0, 16, 2 ], "texture": "#side", "cullface": "south" },
                "west":  { "uv": [ 0, 0, 16, 2 ], "texture": "#side", "cullface": "west" },
                "east":  { "uv": [ 0, 0, 16, 2 ], "texture": "#side", "cullface": "east" }
            }
        }
    ]
}
