{
  "parent": "minecraft:recipes/root",
  "criteria": {
    "has_journal": {
      "conditions": {
        "items": [
          {
            "items": [
              "eidolon:elder_bricks"
            ]
          }
        ]
      },
      "trigger": "minecraft:inventory_changed"
    },
    "has_the_recipe": {
      "conditions": {
        "recipe": "eidolon:elder_bricks_stonecutter_4"
      },
      "trigger": "minecraft:recipe_unlocked"
    }
  },
  "requirements": [
    [
      "has_journal",
      "has_the_recipe"
    ]
  ],
  "rewards": {
    "recipes": [
      "eidolon:elder_bricks_stonecutter_4"
    ]
  },
  "sends_telemetry_event": false
}